id,brand,car_model,type,descproblem,datetime,status,desc,problem
489091,广汽本田,雅阁,2016款 2.0L CVT  舒适版,,2020-06-28,信息审核,广汽本田雅阁转向机异响厂家拒绝索赔,"D59,I297,"
489087,上汽斯柯达,速派,2018款 TSI330 DSG 舒适版 国V,,2020-06-28,信息审核,斯柯达速派变速箱机电单元故障希望处理,"B115,"
489085,一汽丰田,普锐斯,2005款 1.5 织物版,,2020-06-28,信息审核,一汽丰田普锐斯行驶过程中仪表黑屏突然熄火,"A14,H202,"
489082,长城汽车,哈弗H6 Coupe,2015款 2.0T 自动 两驱尊贵型,,2020-06-28,信息审核,哈弗H6 Coupe变速箱故障售后不予更换,"B84,B77,"
489079,奇瑞汽车,艾瑞泽7,2016款 1.6L CVT 致尚版,,2020-06-28,信息审核,奇瑞艾瑞泽7车门多处位置生锈腐蚀,"H79,"
489078,东风雪铁龙,雪铁龙C4L,2014款 1.8L 自动 智驱版 劲享型,,2020-06-28,信息审核,东风雪铁龙C4L天窗内有尖锐金属声导致漏水,"H90,"
489077,东风日产,楼兰,2015款 2.5L 两驱 智享版 XL NAVI,,2020-06-28,信息审核,东风日产楼兰变速箱阀体损坏希望解决,"B84,"
489076,上汽斯柯达,Yeti,2017款 TSI280 DSG 前行版,,2020-06-28,信息审核,斯柯达Yeti车身漏水导致车内积水,"H109,"
489075,华晨宝马,宝马3系,2020款 325Li M运动曜夜套装,,2020-06-28,信息审核,华晨宝马3系防冻液渗漏影响发动机工作,"A37,"
489074,奇瑞汽车,艾瑞泽5,2019款 1.5L 手动 新青春版 国VI,,2020-06-28,信息审核,奇瑞艾瑞泽5行驶中加速时存在异响,"B33,"
489073,众泰汽车,众泰E200,2018款 飞鱼座,,2020-06-28,信息审核,众泰E200索赔手套箱一直无配件更换,"N318,"
489068,上汽斯柯达,速派,2019款 TSI330 DSG 舒适版,,2020-06-28,信息审核,斯柯达速派发动机冷却系统故障 水温高,"A191,"
489059,一汽丰田,威驰,2019款 1.5L CVT 创行版,,2020-06-28,信息审核,一汽丰田威驰销售承诺赠送精品座垫未兑现,"L313,N317,"
489057,广汽丰田,雷凌,2019款 185T CVT 豪华版 国V,,2020-06-28,信息审核,广汽丰田雷凌轮毂轴承漏油 车内异响,"G105,H164,"
489055,东风标致,标致308S,2015款 1.2T 自动 劲驰版,,2020-06-28,信息审核,东风标致308S碳罐内进入汽油导致发动机熄火,"A24,A14,H271,"
489053,一汽-大众,迈腾,2017款 330TSI DSG 豪华型,,2020-06-28,信息审核,一汽大众迈腾变速箱开启紧急模式无奇数挡,"B20,B96,"
489050,吉利汽车,远景,2017款 1.5L 自动 幸福版,,2020-06-28,信息审核,吉利远景变速箱损坏导致车辆无法行驶,"B334,"
489049,长城汽车,哈弗H6 Coupe,2015款 2.0T 自动 两驱精英型,,2020-06-28,信息审核,哈弗H6 coupe天窗漏水导致扬声器没有声音,"H134,H90,"
489048,吉利汽车,缤越,2019款 260T DCT Battle 运动款 国V,,2020-06-28,信息审核,吉利缤越车机系统升级承诺不兑现转向柱漏油,"D58,H164,H144,L314,"
489046,北汽昌河,昌河Q7,2018款 1.5T CVT 豪华型 5座,,2020-06-28,信息审核,北汽昌河Q7变速箱渗油启动马达失灵,"A44,G51,"
489045,一汽-大众奥迪,奥迪Q5L,2020款 40 TFSI 荣享时尚型,,2020-06-28,信息审核,一汽大众奥迪Q5L打开点火开关后音响有异响,"H134,"
489042,一汽-大众,迈腾,2017款 330TSI DSG 豪华型,,2020-06-28,信息审核,一汽大众迈腾变速器机电控制单元故障,"B84,"
489033,东风悦达起亚,起亚KX5,2016款 1.6T 自动 两驱DLX,,2020-06-28,信息审核,东风悦达起亚KX5空调出风温度不一致,"H101,"
489032,上汽集团,名爵6,2018款 20T 自动 豪华智联版 国VI,,2020-06-28,厂家受理,上汽名爵6变速箱顿挫异响 保险杠漆面开裂,"B33,B19,H81,"
489031,一汽-大众奥迪,奥迪Q5,2017款 2.0T 40 TFSI 技术型,,2020-06-28,信息审核,一汽大众奥迪Q5转向异响存在质量问题,"D59,"
489030,广汽丰田,凯美瑞,2019款 2.0G 豪华版 国VI,,2020-06-28,信息审核,广汽丰田凯美瑞车窗玻璃挂水严重影响视线,"H113,"
489025,吉利汽车,帝豪GL,2018款 1.8L 自动 精英智联型,,2020-06-28,信息审核,吉利帝豪GL低速行驶时变速箱顿挫有异响	,"B33,B19,"
489024,一汽-大众,宝来,2018款 1.5L 自动 舒适型,,2020-06-28,信息审核,一汽大众宝来发动机报警加速无力,"A9,A34,A163,"
489023,上汽大众,朗逸,2015款 1.6 手动 舒适版,,2020-06-28,信息审核,上汽大众朗逸车内一直有异味影响健康,"H185,"
489019,一汽奔腾,奔腾T77,2019款 230 TID 自动 豪华型 国VI,,2020-06-28,处理反馈,一汽奔腾T77发动机故障灯加速无力,"A34,A163,"
489014,海马汽车,海马8S,2019款 1.6TGDI 自动 智版,,2020-06-28,信息审核,海马8S车身抖动严重希望尽快解决,"H268,"
489013,江铃汽车,域虎7,2016款 2.4T 四驱 豪华版JX4D24,,2020-06-28,信息审核,江铃域虎7车身生锈存在安全隐患,"H79,"
489009,海马汽车,海马S5,2018款 1.5T 手动 豪华型,,2020-06-28,信息审核,海马S5购车赠送常规保养未兑现,"L313,"
489002,北京现代,菲斯塔,2019款 240TGDi 运动版 国VI,,2020-06-28,信息审核,北京现代菲斯塔变速箱异响厂家告知正常,"B33,I295,"
488992,上汽大众,朗逸,2019款 1.5L 手动 舒适版 国VI,,2020-06-28,信息审核,上汽大众朗逸玛吉斯轮胎开裂希望厂家处理,"F100,"
488990,吉利汽车,星越,2019款 改款 350T 耀星者,,2020-06-28,信息审核,吉利星越车机系统死机影响正常使用,"H155,M279,"
488985,吉利汽车,帝豪GL,2017款 1.3T 手动 精英型,,2020-06-28,处理反馈,吉利帝豪GL副驾驶座椅缝线开裂海绵漏出,"H168,H169,"
488983,吉利汽车,博越,2020款 1.8TD DCT 智尊PRO,,2020-06-28,处理反馈,吉利博越实车没有前雾灯和挡位显示灯,"M279,"
488981,吉利汽车,博越,2020款 1.8TD DCT 两驱 智联型4G互联版,,2020-06-28,处理反馈,吉利博越方向盘多功能按键松动失灵,"H134,"
488979,广汽菲克Jeep,大指挥官,2018款 2.0T 四驱 悦享版 国V,,2020-06-28,信息审核,广汽菲克Jeep大指挥官传动轴生锈,"H79,"
488977,北汽新能源,EV系列,2016款 EV160 轻快版,,2020-06-28,处理反馈,北汽新能源EV系列续航里程与电量衰退,"H344,"
488976,长安马自达,马自达3 昂克赛拉,2016款 1.5L 自动 豪华型 三厢,,2020-06-28,信息审核,长安马自达昂克赛拉中控显示屏面板爆裂,"H134,H168,"
488975,一汽-大众奥迪,奥迪Q3,2018款 30 TFSI 时尚型典藏版,,2020-06-28,信息审核,一汽大众奥迪Q3发动机高压油泵异响,"A9,"
488974,一汽-大众,探岳,2019款 330TSI 四驱 豪华型 国Ⅵ,,2020-06-28,信息审核,一汽大众探岳更换大灯后再次发生白内障,"H82,"
488973,东南汽车,V5菱致,2015款 1.5L CVT 智尊型 plus,,2020-06-28,信息审核,东南V5菱致开启空调后变速箱异响,"B33,"
488972,北京现代,名图,2017款 1.6T 自动 智能型 GLS,,2020-06-28,信息审核,北京现代名图座椅异响多次处理没解决,"H169,"
488971,广汽本田,飞度,2014款 1.5L CVT LX舒适型,,2020-06-28,信息审核,广汽本田飞度车身侧裙位置大面积生锈,"H79,"
488969,长安汽车,长安欧尚CX70,2017款 CX70T 1.5T 自动 豪擎版 改款,,2020-06-28,厂家受理,长安欧尚CX70发动机点火线圈位置渗油,"A12,"
488967,东风标致,标致4008,2017款 350THP 舒适版,,2020-06-28,信息审核,东风标致4008转向时方向盘异响严重,"D59,"
488964,上汽大众,途观L,2017款 380TSI 四驱 豪华版,,2020-06-28,信息审核,上汽大众途观L变速箱机电单元故障,"B84,"
488954,一汽-大众,宝来,2019款 1.5L 自动 时尚型,,2020-06-28,信息审核,一汽大众宝来大灯进水胎压误报自动驻车故障,"H88,H170,H203,"
488948,广汽本田,飞度,2014款 1.5L CVT LX舒适型,,2020-06-28,信息审核,广汽本田飞度飞度发动机启动困难希望厂家处理,"A44,"
488943,上汽大众,朗逸,2019款 280TSI DSG 舒适版 国VI,,2020-06-28,信息审核,上汽大众朗逸变速箱异响严重希望处理,"B33,"
488941,比亚迪,比亚迪e5,2017款 300 尊贵型,,2020-06-28,处理反馈,比亚迪e5电池电量严重衰减无法行驶,"H343,"
488938,北京奔驰,奔驰C级,2015款 180 L 运动型 改款,,2020-06-28,信息审核,北京奔驰C级空调制冷效果差要求免费维修,"H101,"
488936,一汽-大众,迈腾,2017款 330TSI DSG 豪华型,,2020-06-28,信息审核,一汽大众迈腾行驶中变速箱报警 挡位缺失,"B96,B84,"
488931,广汽本田,雅阁,2016款 2.4L CVT  舒适版,,2020-06-28,信息审核,广汽本田雅阁4S店维修车辆修出新问题,"J300,"
488929,上汽大众,途观,2015款 1.8TSI 自动 两驱 舒适版 5座,,2020-06-28,信息审核,上汽大众途观车窗无法关闭导致车内进水,"H67,"
488923,奇瑞汽车,艾瑞泽5,2017款 1.5L CVT 豪华版,,2020-06-28,信息审核,奇瑞艾瑞泽5行驶过程中变速箱故障灯亮,"B96,"
488922,长安汽车,长安CS35,2012款 1.6 自动 豪华型,,2020-06-28,信息审核,长安CS35减震器漏油车窗升降失灵汽油箱生锈,"A85,G25,H79,H67,"
488915,广汽菲克Jeep,大指挥官,2018款 2.0T 两驱 进享版 国V,,2020-06-28,信息审核,广汽菲克Jeep大指挥官经销商出售库存车,"M283,"
488914,东风雪铁龙,爱丽舍,2015款 1.6L 自动 舒适型,,2020-06-28,信息审核,东风雪铁龙爱丽舍方向盘失灵无法转动,"D57,"
488911,东风标致,标致408,2014款 1.8L 自动 豪华版,,2020-06-28,信息审核,东风标致408发动机出现烧机油的现象	,"A63,"
488908,一汽-大众,速腾,2020款 200TSI DSG 舒适型 国VI,,2020-06-28,处理反馈,一汽大众速腾4S店变相收费而且不予上牌,"K307,K325,L314,"
488907,上汽大众,朗行,2013款 1.4TSI 自动 舒适型,,2020-06-28,信息审核,上汽大众朗行车内一直有浓重的异味,"H185,"
488905,一汽-大众,探岳,2019款 330TSI 两驱 舒适型 国Ⅵ,,2020-06-28,信息审核,一汽大众探岳左后轮位置悬架异响严重,"G204,"
488895,吉利汽车,博越,2020款 1.8TD DCT 智领PRO,,2020-06-28,信息审核,吉利博越实车配置与官方宣传不符,"M279,"
488893,长城汽车,长城C30,2013款 1.5L 手动 舒适型,,2020-06-28,信息审核,长安C30车身轮眉生锈影响驾驶安全,"H79,"
488892,广汽本田,雅阁,2018款 260TURBO 尊贵版 国VI,,2020-06-28,信息审核,广汽本田雅阁发动机怠速抖动非常明显,"A24,"
488891,吉利汽车,博越,2020款 1.8TD DCT 智领PRO,,2020-06-28,信息审核,吉利博越厂家虚假宣传承诺未兑现,"L313,M279,"
488888,一汽-大众,探岳,2019款 330TSI 两驱 豪华型 国Ⅵ,,2020-06-28,信息审核,一汽大众探岳强制加装电子狗欺骗消费者,"K325,"
488880,吉利汽车,星越,2019款 350T 驭星者,,2020-06-28,信息审核,吉利星越车机版本升级后依然卡顿,"O348,"
488875,东风日产,骐达TIIDA,2011款 1.6 CVT 舒适版 新骐达,,2020-06-28,信息审核,东风日产骐达发动机故障灯亮变速箱顿挫,"A34,B19,B84,I297,"
488869,长城汽车,哈弗M6,2019款 1.5T DCT 两驱 超值版 国VI,,2020-06-28,信息审核,哈弗M6行驶中油耗偏高希望厂家处理问题,"A85,"
488859,广汽丰田,凯美瑞,2019款 双擎 2.5HG 豪华版 国VI,,2020-06-28,信息审核,广汽丰田凯美瑞4S店随意添加车辆维修记录,"J299,"
488855,长安马自达,马自达3 昂克赛拉,2016款 1.5L 自动 豪华型 三厢,,2020-06-28,厂家受理,马自达昂克赛拉中控屏幕开裂 蓝牙无法连接,"H134,H168,H155,"
488852,知豆电动车,知豆,2014款 标准型,,2020-06-28,信息审核,知豆保修期内电池衰减 补贴未兑现,"H343,L314,"
488851,广汽本田,雅阁,2018款 260TURBO 尊贵版 国V,,2020-06-28,信息审核,广汽本田雅阁变速箱严重漏油希望尽快解决,"B22,"
488850,东风悦达起亚,智跑,2019款 2.0L 自动 智享豪华版,,2020-06-28,信息审核,东风悦达起亚智跑变速箱顿挫 发动机异响,"A9,B19,"
488849,东风日产,阳光,2015款 1.5XE CVT 舒适版,,2020-06-28,信息审核,东风日产阳光减震器漏油不予更换 刹车异响,"E43,G25,"
488846,东风标致,标致408,2016款 1.6T 自动 豪华版,,2020-06-28,信息审核,东风标致408车门固定螺钉生锈 漆面龟裂,"H79,H81,"
488845,华晨宝马,宝马3系,2019款 320i M运动套装,,2020-06-28,信息审核,华晨宝马3系转向及回正时方向盘卡顿,"D123,"
488844,吉利汽车,博越,2016款 2.0L 手动 两驱 智联型,,2020-06-28,处理反馈,吉利博越贷款还清后未将钥匙发送,"O353,"
488841,上汽大众,途观L,2017款 330TSI 两驱 旗舰版,,2020-06-27,信息审核,上汽大众途观L变速箱电控单元损坏,"B84,B77,"
488838,上汽集团,名爵6,2019款 20T 自动 运动版,,2020-06-27,厂家受理,上汽名爵6变速箱频繁异响售后不予解决,"B33,"
488837,一汽-大众,探岳,2019款 330TSI 四驱 豪华型Plus 国VI,,2020-06-27,处理反馈,一汽大众探岳右大灯模糊不清希望尽快更换,"H82,"
488836,一汽-大众,速腾,2019款 280TSI DSG 舒适型 国VI,,2020-06-27,处理反馈,一汽大众速腾上坡辅助失效导致溜车,"H170,"
488834,吉利汽车,博越,2020款 1.8TD DCT 智慧PRO,,2020-06-27,处理反馈,吉利博越变速器频繁异响希望尽快解决,"B33,"
488833,东风雪铁龙,雪铁龙C4L,2013款 1.8L 自动 劲智版,,2020-06-27,处理反馈,东风雪铁龙C4L汽油泵漏油 方向盘上下抖动,"D337,H78,"
488832,广汽本田,飞度,2014款 1.5L CVT LX舒适型,,2020-06-27,信息审核,广汽本田飞度启动困难4S店不予质保,"A44,"
488827,吉利汽车,星越,2019款 改款 350T 耀星者,,2020-06-27,处理反馈,吉利星越4S店不兑现承诺出售库存车,"M283,"
488826,奇瑞新能源,奇瑞eQ,2017款 豪华型,,2020-06-27,信息审核,奇瑞eQ空调压缩机故障导致无法制冷,"H101,"
488825,吉利汽车,帝豪,2018款 1.5L CVT 豪华型,,2020-06-27,处理反馈,吉利帝豪倒车影像摄像头进水图像不清晰,"H134,"
488824,一汽-大众奥迪,奥迪Q2L,2018款 35TFSI 时尚动感型 国Ⅴ,,2020-06-27,信息审核,一汽大众奥迪Q2L后减震器出现异响,"G52,"
488819,吉利新能源,帝豪新能源,2018款 EV450 进取型,,2020-06-27,处理反馈,吉利帝豪新能源慢充故障4S店拒绝索赔,"H340,"
488818,上汽大众,朗逸,2017款 1.6L 自动 舒适版,,2020-06-27,厂家受理,上汽大众朗逸刹车时前轮位置存在异响,"E43,"
488817,奔驰（进口）,奔驰GLS,2018款 320 4MATIC,,2020-06-27,信息审核,进口奔驰GLS方向盘严重掉漆4S店拒绝索赔,"H157,I297,"
488814,东风标致,标致308S,2015款 1.2T 自动 劲驰版,,2020-06-27,信息审核,东风标致308S碳罐内进入汽油发动机熄火,"A14,H271,"
488813,北京现代,胜达,2013款 2.4L 自动 两驱 智能型 GLS,,2020-06-27,信息审核,北京现代胜达发动机烧机油而且发动机异响,"A9,A63,"
488812,长安汽车,睿骋CC,2018款 1.5T 自动 尊雅型 国V,,2020-06-27,厂家受理,长安睿骋CC刹车异响起步向前窜动中控屏死机,"B19,E43,H134,H21,"
488810,东风启辰,启辰D60,2018款 1.6L 手动 舒适版,,2020-06-27,信息审核,启辰D60行驶时方向盘异响多次维修未解决,"D59,"
488809,长安马自达,马自达3 昂克赛拉,2017款 2.0L 自动 旗舰型 三厢 国V,,2020-06-27,厂家受理,长安马自达昂克赛拉行驶过程中变速器异响,"A12,B33,B22,"
488805,吉利汽车,博越,2020款 1.8TD DCT 智尊PRO,,2020-06-27,处理反馈,吉利博越变速箱挡位灯与宣传不符,"M279,"
488803,上汽斯柯达,昊锐,2012款 1.8TSI 自动 贵雅版,,2020-06-27,信息审核,斯柯达昊锐车内一直存在浓重的异味,"H185,"
488800,众泰汽车,众泰T700,2017款 1.8T 双离合 尊贵型,,2020-06-27,处理反馈,众泰T700车窗升降开关断裂 空调异响,"H101,H67,"
488799,广汽本田,飞度,2014款 1.5L CVT LX舒适型,,2020-06-27,信息审核,广汽本田飞度启动机故障发动机启动困难,"A44,"
488795,沃尔沃亚太,沃尔沃S90,2019款 T5 智逸版,,2020-06-27,信息审核,亚太沃尔沃S90低速行驶或怠速状态时车身共振,"H268,"
488793,上汽斯柯达,速派,2016款 TSI330 DSG 创行版,,2020-06-27,信息审核,斯柯达速派车身抖动变速箱无法换挡,"A35,B20,H268,"
488791,广汽丰田,汉兰达,2018款 2.0T 四驱 豪华版 7座 国V,,2020-06-27,信息审核,广汽丰田汉兰达发动机故障灯亮 多次返修,"A34,A163,J298,J301,"
488789,长城汽车,哈弗H6 Coupe,2016款 1.5T 自动 两驱精英型,,2020-06-27,信息审核,哈弗H6 Coupe天窗漏水导致电子设备受损,"H90,"
488787,北京汽车,威旺S50,2016款 1.5T CVT 欢动 尊贵型,,2020-06-27,信息审核,北汽威旺S50变速箱故障灯亮挂挡后无法行驶,"B96,B334,"
488786,广汽本田,皓影,2020款 240TURBO CVT 两驱 豪华版,,2020-06-27,信息审核,广汽本田皓影发动机舱进泥沙 厂家不回复,"I294,Q322,"
488785,一汽丰田,威驰,2017款 1.3L CVT 锐行版,,2020-06-27,信息审核,一汽丰田威驰行驶中发动机异响4S店不处理,"A9,"
488784,一汽-大众,宝来,2018款 1.5L 自动 舒适型,,2020-06-27,信息审核,一汽大众宝来发动机故障灯亮要求解决,"A34,"
488783,一汽-大众,CC,2019款 330TSI 华颜版 国V,,2020-06-27,信息审核,一汽大众CC变速箱顿挫现象异常严重,"B19,"
488779,一汽-大众奥迪,奥迪Q5L,2020款 40 TFSI 荣享时尚型,,2020-06-27,信息审核,一汽大众奥迪Q5L 4S店承诺安装精品不兑现,"L313,"
488776,吉利汽车,缤越,2019款 260T DCT Battle 运动款 国V,,2020-06-27,处理反馈,吉利缤越车机出现死机现象无法升级,"H21,H155,L314,"
488772,奇瑞汽车,瑞虎8,2019款 1.6TGDI 自动 精英型,,2020-06-27,信息审核,奇瑞瑞虎8发动机管路断裂希望得到处理,"H168,"
488771,长安马自达,马自达3 昂克赛拉,2020款 2.0L 自动 质雅版,,2020-06-27,信息审核,长安马自达昂克赛拉转向异响严重,"D59,"
488766,吉利汽车,缤瑞,2018款 14T CVT 缤致版,,2020-06-27,处理反馈,吉利缤瑞座椅骨架生锈严重希望处理,"H79,"
488765,领克汽车,领克01,2017款 2.0T 双离合 四驱 劲Pro,,2020-06-27,信息审核,领克01多个电控设备无法使用要求处理,"H110,"
488764,一汽丰田,卡罗拉,2016款 1.8L CVT 豪华版 双擎,,2020-06-27,信息审核,一汽丰田卡罗拉经销商变相收费 不承认问题,"I295,K307,"
488761,星途,星途TX,2019款 TXL 1.6T 两驱 钻石版,,2020-06-27,信息审核,星途TX油门踏板共振 启停时有时无,"A24,H134,H263,"
488760,吉利汽车,星越,2019款 350T 驭星者,,2020-06-27,处理反馈,吉利星越车机版本与宣传不符死机重启,"H155,M279,"
488759,上汽集团,荣威RX3,2018款 1.6L CVT 旗舰版,,2020-06-27,信息审核,上汽荣威RX3车辆无法启动要求尽快处理,"A44,"
488757,众泰汽车,众泰SR9,2017款 2.0T 自动 极致之梦版,,2020-06-27,处理反馈,众泰SR9变速箱无法加速 转向助力失灵,"B334,D57,"
488756,上汽集团,荣威RX5 MAX,2019款 300TGI 自动 智能座舱豪华版,,2020-06-27,信息审核,上汽荣威RX5 MAX车顶漏水严重希望处理,"H109,"
488755,吉利汽车,远景,2017款 1.5L 自动 幸福版,,2020-06-27,处理反馈,吉利远景变速箱无法换挡希望尽快处理,"B20,"
488754,上汽集团,荣威RX3,2020款 1.6L 手动 超爽进取版,,2020-06-27,信息审核,上汽荣威RX3漆面厚度与标准差异大	,"H81,"
488752,广汽丰田,丰田C-HR,2018款 2.0L 领先天窗版 国VI,,2020-06-27,信息审核,广汽丰田C-HR邓禄普轮胎外侧出现裂纹,"F100,"
488750,吉利汽车,星越,2019款 300T 耀星者,,2020-06-27,处理反馈,吉利星越车机升级后卡顿要求处理,"H155,O348,"
488749,吉利汽车,博越,2020款 1.8TD DCT 智领PRO,,2020-06-27,处理反馈,吉利博越经销商变更补贴金额签双份合同,"M279,O353,"
488747,吉利汽车,博越,2020款 1.8TD DCT 智领PRO,,2020-06-27,处理反馈,吉利博越底盘异响变速箱挡位灯与宣传不符,"G56,M279,"
488746,长安马自达,马自达3 昂克赛拉,2017款 两厢 1.5L 自动 舒适型 国VI,,2020-06-27,厂家受理,长安马自达昂克赛拉方向盘异常抖动,"D80,"
488744,广汽本田,飞度,2004款 两厢飞度 1.5 AT CVT,,2020-06-27,信息审核,广汽本田飞度变速箱报警无法加速,"B96,B334,"
488741,吉利新能源,帝豪GSe,2018款 尊尚型,,2020-06-27,处理反馈,吉利帝豪GSe慢充系统故障无法使用,"H340,"
488740,奇瑞汽车,瑞虎8,2020款 290TGDI 自动 精英版,,2020-06-27,信息审核,奇瑞瑞虎8中控面板开裂要求更换,"H168,"
488735,广汽本田,凌派,2015款 1.8 自动 豪华版,,2020-06-27,信息审核,广汽本田凌派车门排水口生锈要求厂家解决,"H79,I295,I297,"
488734,吉利汽车,缤瑞,2018款 14T CVT 缤致版,,2020-06-27,处理反馈,吉利缤瑞车身有色差要求厂家进行处理,"H201,"
488728,东风本田,本田XR-V,2020款 1.5L CVT 舒适版,,2020-06-27,处理反馈,东风本田XR-V后风挡玻璃存在划痕,"H113,"
488727,北京现代,菲斯塔,2019款 280TGDi 运动版 国VI,,2020-06-27,信息审核,北京现代菲斯塔4S店未完整兑现贴膜承诺,"L313,"
488722,奇瑞汽车,捷途X90,2019款 1.6T DCT 耀旅版 5座 国VI,,2020-06-27,处理反馈,奇瑞捷途销售承诺保养不兑现厂家不处理,"L313,"
488721,东风标致,标致408,2015款 1.2T 自动 豪华版,,2020-06-27,信息审核,东风标致408召回不通知4S店保养后出故障,"D265,J300,K307,O296,"
488720,汉腾汽车,汉腾X7,2018款 X7S 1.5T 自动 豪华型,,2020-06-27,信息审核,汉腾X7方向机异响4S店维修后仍未解决,"D59,I295,I294,N317,"
488718,上汽大众,途观,2015款 2.0TSI 自动 四驱 豪华版 5座,,2020-06-27,信息审核,上汽大众途观天窗漏水4S店维修后无法使用,"H90,I295,J300,"
488716,东风小康,风光330,2014款 1.5L 实用型,,2020-06-27,处理反馈,东风风光330车身生锈4S店不予保修,"H79,I297,"
488715,长安汽车,长安CS75 PLUS,2020款 1.5T 自动 尊贵型,,2020-06-27,信息审核,长安CS75 PLUS倒车影像夜间模糊不清,"H134,"
488714,一汽-大众,速腾,2019款 280TSI DSG 舒适型 国VI,,2020-06-27,处理反馈,一汽大众速腾变速箱 刹车异响 空调异味,"B33,E43,H121,"
488713,北京现代,领动,2019款 1.4T 双离合 炫动・活力型,,2020-06-27,信息审核,北京现代领动耐克森轮胎鼓包存在质量问题,"F39,"
488712,上汽集团,名爵HS,2019款 30T 自动 两驱 Trophy超燃版 国VI,,2020-06-27,信息审核,上汽名爵HS新车下悬臂异响 售后无配件,"G210,N318,"
488711,东风悦达起亚,起亚KX5,2016款 1.6T 自动 两驱DLX,,2020-06-27,厂家受理,东风悦达起亚KX5刹车盘有裂纹希望解决,"E239,"
488710,长城汽车,WEY VV5,2019款 2.0T 两驱 升级款超豪型 国VI,,2020-06-27,信息审核,WEY VV5更新APP后无法查看信息,"O348,"
488708,上汽通用五菱,五菱宏光,2014款 1.2L S 舒适型,,2020-06-27,处理反馈,上汽通用五菱宏光4S店事故车维修不到位,"J303,"
488704,奇瑞汽车,瑞虎5x,2017款 1.5T 自动 精英型,,2020-06-27,信息审核,奇瑞瑞虎5x后轮胎内侧吃胎偏磨严重,"G245,"
488701,一汽奔腾,奔腾T77,2020款 PRO 280 TID 自动 豪华型,,2020-06-27,处理反馈,一汽奔腾T77发动机变速箱异响严重,"A9,B33,"
488695,一汽丰田,奕泽IZOA,2018款 2.0L 奕炫天窗版 国V,,2020-06-27,信息审核,一汽丰田奕泽电瓶亏电 天窗异响,"H146,H89,"
488693,东风标致,标致2008,2014款 1.6L 手动 时尚版,,2020-06-27,信息审核,东风标致2008质保内发动机严重烧机油	,"A63,"
488690,吉利汽车,帝豪GS,2018款 1.4T 自动 领潮版 领尚智联型,,2020-06-27,处理反馈,吉利帝豪GS变速箱异响维修未能解决,"B33,J298,"
488688,吉利汽车,星越,2019款 350T 驭星者,,2020-06-27,处理反馈,吉利星越车机卡顿死机系统与宣传不符,"H155,M279,O348,"
488687,一汽-大众奥迪,奥迪A4L,2016款 2.0T 自动 标准型,,2020-06-27,信息审核,一汽大众奥迪A4L节温器处漏防冻液严重,"A37,"
488682,东风标致,标致408,2015款 1.2T 自动 豪华版,,2020-06-27,信息审核,东风标致408空调压缩机损坏导致空调不制冷,"H101,"
488681,保时捷,Macan,2018款 2.0T,,2020-06-27,信息审核,保时捷Macan刹车时有异响维修没有解决,"E43,"
488679,北京现代,名图,2017款 1.8L 自动 尊贵型 DLX 国V,,2020-06-27,信息审核,北京现代名图后备箱缝隙大且油漆脱落,"H81,"
488677,吉利汽车,星越,2019款 改款 350T 驭星者AWD,,2020-06-27,处理反馈,吉利星越实车多项配置与厂家宣传不符,"M279,"
488672,上汽大众,凌渡,2018款 280TSI 双离合 舒适版,,2020-06-27,信息审核,上汽大众凌渡发动机异响希望得到处理,"A9,"
488666,上汽集团,名爵6,2019款 20T 自动 运动版,,2020-06-27,厂家受理,上汽名爵6变速箱顿挫异响加速中断油耗高,"B33,B19,B334,"
488665,吉利汽车,博越,2020款 1.8TD DCT 智尊PRO,,2020-06-27,处理反馈,吉利博越挡位灯与厂家宣传不符要求解决,"M279,"
488664,猎豹汽车,猎豹CS10,2017款 2.0T 自动 都市型,,2020-06-27,信息审核,猎豹CS10配件质量差导致频繁故障,"N317,"
488661,长安汽车,逸动DT,2018款 1.6L 手动 智享型,,2020-06-27,厂家受理,长安逸动DT车身生锈严重影响美观,"H79,"
488659,华晨宝马,宝马3系,2020款 改款 325Li M运动曜夜套装,,2020-06-27,信息审核,华晨宝马3系缺少冷却液导致高温,"A37,"
488656,东风标致,标致408,2016款 1.6T 自动 豪华版,,2020-06-27,信息审核,东风标致408三元催化器故障导致熄火,"H54,"
488654,东风,途逸,1.5L 110马力 3.7米单排厢式小卡,,2020-06-27,信息审核,东风途逸发动机动力消失 离合器片烧毁,"A255,"
488651,上汽集团,名爵6,2019款 20T 自动 运动版,,2020-06-27,信息审核,上汽名爵6变速箱异响顿挫 动力中断,"B33,B19,B334,"
488648,上汽斯柯达,Yeti,2017款 TSI280 DSG 前行版,,2020-06-27,信息审核,斯柯达Yeti车内材质不合格导致异味,"H185,"
488645,东风日产,天籁,2016款 2.0L XL 舒适版 改款,,2020-06-27,信息审核,东风日产天籁打方向有异响4S店不解决,"D59,"
488643,凯翼汽车,凯翼C3R,2015款 1.5L AMT 金钻版,,2020-06-27,信息审核,凯翼C3R行驶中变速箱脱挡失去动力,"B246,"
488641,东风雪铁龙,C4世嘉,2016款 1.6L 自动 豪华型,,2020-06-27,处理反馈,东风雪铁龙C4世嘉转向柱存在间隙,"D265,"
488640,奇瑞汽车,捷途X70,2018款 1.5T 自动 悦行版,,2020-06-27,处理反馈,捷途X70倒车雷达提示音消失天窗关闭键失灵,"H192,H289,"
488639,奇瑞汽车,捷途X90,2019款 1.5T 自动 智享型 7座 国V,,2020-06-27,处理反馈,捷途X90不支持远程启动功能无法使用,"H155,"
488637,一汽-大众,宝来,2017款 1.6L 自动 时尚型,,2020-06-27,处理反馈,一汽大众宝来发动机漏油后出现油耗高,"A12,A85,J303,"
488632,上汽大众,桑塔纳,2015款 1.6L 手动 舒适版,,2020-06-27,信息审核,上汽大众桑塔纳4S店喷漆后出现色差,"J303,"
488630,吉利汽车,星越,2019款 改款 350T 耀星者,,2020-06-27,处理反馈,吉利星越收音机自动跳频车机反应迟钝,"H134,Q322,"
488626,东风标致,标致408,2013款 2.0 自动 舒适版,,2020-06-27,信息审核,东风标致408车内异味希望厂家免费更换,"H185,"
488624,上汽通用五菱,宝骏310W,2017款 1.5L 手动 时尚型 国V,,2020-06-27,处理反馈,宝骏310W锦湖轮胎脱皮存在质量问题,"F186,"
488622,长城汽车,哈弗H6 Coupe,2015款 2.0T 手动 两驱尊贵型,,2020-06-27,厂家受理,哈弗H6 Coupe天窗漏水导致功放主机烧毁,"H90,"
488619,东风日产,逍客,2016款 2.0L CVT 精英版,,2020-06-27,信息审核,东风日产逍客挂前进和倒挡无法加速行驶,"B334,"
488617,东风日产,劲客,2020款 1.5L XV CVT 智联豪华版,,2020-06-27,信息审核,东风日产劲客中控语音控制失灵 车内异响,"H164,H155,"
488613,保时捷,Macan,2014款 3.0T S,,2020-06-27,信息审核,保时捷Macan上坡变速箱剧烈抖动卡顿,"B19,B95,"
488611,北京现代,朗动,2015款 1.6L 自动 领先型,,2020-06-27,信息审核,北京现代朗动中控显示屏无故黑屏,"H134,"
488609,上汽集团,锐腾,2015款 1.5TGI TST 豪华版,,2020-06-27,厂家受理,上汽名爵锐腾轮速传感器故障影响使用,"H234,"
488608,一汽-大众奥迪,奥迪A6L,2016款 TFSI 双离合 技术型,,2020-06-27,信息审核,一汽大众奥迪A6L车轮轴承多次损坏,"G125,"
488602,吉利汽车,博越,2020款 1.8TD DCT 智尊PRO,,2020-06-27,处理反馈,吉利博越挡位指示灯与厂家宣传不符,"M279,"
488590,长安马自达,马自达3 昂克赛拉,2016款 1.5L 自动 舒适型 三厢,,2020-06-27,厂家受理,长安马自达昂克赛拉刹车抖动 减震器异响,"A24,E111,G52,H81,"
488589,一汽-大众,迈腾,2017款 380TSI DSG 豪华型,,2020-06-27,处理反馈,一汽大众迈腾变速箱异响 抖动 顿挫,"B33,B19,B95,"
488584,北京现代,领动,2016款 1.6L 自动 智炫・青春型,,2020-06-27,信息审核,北京现代领动刹车灯常亮影响正常使用	,"H71,"
488582,广汽丰田,凯美瑞,2006款 240G 2.4 自动,,2020-06-27,信息审核,广汽丰田凯美瑞中控仪表台反光厂家不处理,"H176,I295,"
488580,广汽本田,飞度,2014款 1.5L CVT LX舒适型,,2020-06-27,信息审核,广汽本田飞度发动机启动困难要求处理,"A44,"
488579,奇瑞汽车,艾瑞泽5,2017款 1.5L CVT 领潮版,,2020-06-27,信息审核,奇瑞艾瑞泽5行驶过程中变速箱抖动要求解决,"B95,"
488577,北京现代,朗动,2016款 1.6L 自动 智能型,,2020-06-27,信息审核,北京现代朗动后门密封条内有生锈的现象,"H79,"
488576,东风标致,标致408,2019款 350THP 自动 豪华版 国V,,2020-06-27,信息审核,东风标致408两前侧玻璃升降时出现异响,"H67,"
488571,众泰汽车,众泰T600,2016款 2.0T  自动 尊贵型 运动版,,2020-06-27,用户评分,众泰T600变速箱无法换挡 温度过高,"B246,"
488569,江淮汽车,瑞风S2,2017款 1.5L 手动 豪华型互联版,,2020-06-26,处理反馈,江淮瑞风S2行驶时两后减震器有异响,"G52,"
488565,陆风汽车,陆风X7,2016款 2.0T 全景尊贵版,,2020-06-26,信息审核,陆风X7行驶过程中发动机冒烟而且熄火,"A14,"
488564,北京现代,领动,2019款 1.4T 双离合 炫动・活力型,,2020-06-26,信息审核,北京现代领动后排座椅靠背处出现异响,"H169,"
488562,一汽-大众,宝来,2020款 1.5L 手动 舒适型,,2020-06-26,处理反馈,一汽大众宝来锦湖轮胎有开裂的现象,"F100,"
488561,上汽集团,锐行,2015款 1.5T 手动 风尚型,,2020-06-26,厂家受理,上汽名爵锐行发动机正时链条拉长要求处理,"A45,"
488560,东风雪铁龙,雪铁龙C4L,2013款 1.8L 手动 劲智版,,2020-06-26,处理反馈,东风雪铁龙C4L方向盘晃动存在质量问题,"D337,"
488554,东风雪铁龙,雪铁龙C4L,2015款 1.2T 自动 尊贵版,,2020-06-26,处理反馈,东风雪铁龙C4L发动机烧机油异响 方向盘不正,"A9,A63,D154,"
488552,领克汽车,领克01,2019款 2.0T 两驱型 Pro版 国VI,,2020-06-26,信息审核,领克01仪表盘黑屏 无法正常使用,"H202,"
488550,领克汽车,领克02,2018款 1.5T DCT 两驱 耀Pro版 国V,,2020-06-26,信息审核,领克02变速箱漏油 转向异响踩油门无反应,"B22,B334,D59,"
488549,东风标致,标致207,2011款 1.4 手动 驭乐版 三厢,,2020-06-26,信息审核,东风标致207转向抖动 车头位置异响,"D80,G56,"
488547,东风日产,天籁,2016款 2.0L XE 时尚版,,2020-06-26,信息审核,东风日产天籁怠速不稳 车身抖动 油耗高,"A24,A85,A35,"
488546,北京现代,途胜,2015款 1.6T   双离合 两驱 智能型,,2020-06-26,信息审核,北京现代途胜空调压缩机频繁启停 中控异响,"H93,H263,"
488545,东风雪铁龙,雪铁龙C4L,2014款 1.8L 自动 智驱版 劲享型,,2020-06-26,处理反馈,东风雪铁龙C4L行驶中发动机故障灯亮,"A34,"
488543,吉利汽车,帝豪,2017款 1.5L 手动 向上版 三厢 百万款,,2020-06-26,处理反馈,吉利帝豪车门大面积生锈腐蚀希望尽快解决,"H79,"
488542,奇瑞捷豹路虎,发现神行,2016款 2.0T HSE,,2020-06-26,信息审核,奇瑞捷豹路虎发现神行方向盘按键大面积掉漆,"H157,"
488541,上汽大众,朗逸,2017款 1.6L 自动 舒适版,,2020-06-26,信息审核,上汽大众朗逸车内异味明显影响身体健康,"H185,"
488540,上汽大众,凌渡,2019款 230TSI DSG 风尚版 国V,,2020-06-26,信息审核,上汽大众凌渡车内黑心棉导致异味,"H185,"
488539,上汽通用五菱,新宝骏RC-6,2019款 1.5T 手动 24小时在线豪华型,,2020-06-26,处理反馈,新宝骏RC-6显示请检查气囊一直未解决,"H79,H103,"
488536,奇瑞汽车,艾瑞泽5,2016款 1.5L 手动 领潮版,,2020-06-26,信息审核,奇瑞艾瑞泽5减震器异响 方向盘无法回正,"A12,D265,G52,G117,"
488534,猎豹汽车,Mattu,2018款 1.6T GDI DCT 尊贵型,,2020-06-26,信息审核,猎豹Mattu ESC报警变速箱无动力输出,"B96,B334,"
488532,华晨宝马,宝马5系,2020款 530Li 领先型 M运动套装,,2020-06-26,信息审核,华晨宝马5系左前翼子板有维修痕迹,"M284,"
488530,东风日产,天籁,2016款 2.5L XV 尊享版 公爵,,2020-06-26,信息审核,东风日产天籁怠速时燃油泵存在异响,"H78,"
488529,一汽-大众奥迪,奥迪Q5,2015款 40 TFSI 进取型 5座,,2020-06-26,信息审核,一汽大众奥迪Q5工作人员技术差操作野蛮,"J303,J299,"
488524,众泰汽车,大迈X5,2017款 1.5T CVT 地主型 升级版,,2020-06-26,信息审核,众泰大迈X5发动机抖动厂家不予质保,"A24,"
488523,广汽本田,飞度,2014款 1.5L CVT LX舒适型,,2020-06-26,信息审核,广汽本田飞度冷车启动时发动机异响,"A9,"
488522,东风雪铁龙,雪铁龙C4L,2014款 1.8L 自动 智驱版 劲享型,,2020-06-26,处理反馈,东风雪铁龙C4L汽油泵故障导致熄火动力消失,"A14,A255,H78,"
488515,上汽大众,途观L,2017款 330TSI 两驱 旗舰版,,2020-06-26,信息审核,上汽大众途观L变速箱故障灯亮存在质量问题,"B96,"
488511,吉利汽车,星越,2020款 350T 驭星者AWD,,2020-06-26,处理反馈,吉利星越行车灯与门角灯疑似厂家减配,"M279,Q350,"
488510,吉利汽车,帝豪GL,2018款 1.8L 手动 精英智联型,,2020-06-26,用户评分,吉利帝豪GL变速箱挂挡困难希望厂家处理,"B20,"
488501,广汽本田,雅阁,2018款 2.0L 锐智版 锐・混动 国V,,2020-06-26,信息审核,广汽本田雅阁电子手刹和转向系统异响,"D59,E43,L314,"
488498,吉利汽车,博越,2020款 1.8TD DCT 智领PRO,,2020-06-26,处理反馈,吉利博越行驶过程中变速箱顿挫严重,"B19,"
488495,吉利汽车,远景,2016款 1.5L 自动 幸福版,,2020-06-26,处理反馈,吉利远景变速箱无法加速希望厂家处理,"B334,"
488493,广汽本田,飞度,2014款 1.5L CVT LX舒适型,,2020-06-26,信息审核,广汽本田飞度ABS泵故障厂家未回复,"E43,E74,"
488492,一汽丰田,卡罗拉,2017款 1.2T CVT GL,,2020-06-26,信息审核,一汽丰田卡罗拉排气管支架断裂导致异响,"H168,H31,"
488487,广汽乘用车,传祺GS5,2019款 270T 自动 尊享版,,2020-06-26,信息审核,广汽传祺GS5刹车异响维修未解决问题,"E43,"
488485,北京现代,索纳塔九,2015款 1.6T 双离合 DLX尊贵型,,2020-06-26,信息审核,北京现代索纳塔九中控台黑屏存在质量问题,"H134,"
488484,一汽-大众,速腾,2020款 200TSI DSG 舒适型 国VI,,2020-06-26,处理反馈,一汽大众速腾上坡辅助功能与宣传不符,"H170,M279,"
488483,一汽-大众奥迪,奥迪A3,2019款 Limousine 35 TFSI 进取型 国VI,,2020-06-26,信息审核,一汽大众奥迪A3后视镜开关卡顿希望厂家处理,"H211,"
488482,长城汽车,炮,2020款 2.0T 越野版 自动 汽油 四驱 限量版 GW4C20B,,2020-06-26,处理反馈,长城炮行驶中水温升高发动机无动力,"A163,A191,"
488480,一汽-大众奥迪,奥迪A4L,2013款 2.0T 自动 标准型,,2020-06-26,信息审核,一汽大众奥迪A4L转向沉重希望厂家处理,"D156,"
488478,上汽大众,朗行,2013款 1.6L 手动 舒适型,,2020-06-26,信息审核,上汽大众朗行变速箱异响存在质量问题,"B33,"
488477,一汽-大众,速腾,2018款 280TSI DSG熠动版,,2020-06-26,处理反馈,一汽大众速腾韩泰轮胎开裂要求解决,"F100,"
488475,吉利汽车,博越,2020款 1.8TD DCT 智慧PRO,,2020-06-26,处理反馈,吉利博越车辆没有挡位灯和雾灯与宣传不符,"M279,"
488474,观致汽车,观致3,2016款 1.6L 自动 致悦型 三厢,,2020-06-26,信息审核,观致3车辆暴晒后发动机熄火影响安全,"A14,"
488471,上汽通用五菱,五菱荣光新卡,2018款 1.8L双排LJ479QE2,,2020-06-26,处理反馈,上汽通用五菱荣光新卡发动机连杆折断,"A128,I297,"
488466,东风标致,标致508,2019款 508L 400THP PureTech 驾控版 国VI,,2020-06-26,信息审核,东风标致508车门及天窗异响影响驾驶,"H72,H89,"
488465,一汽-大众奥迪,奥迪A4L,2015款 quattro 2.0T 双离合 个性运动型,,2020-06-26,信息审核,一汽大众奥迪A4L双离合器飞轮异响,"C65,"
488463,东风标致,标致207,2011款 1.4 手动 驭乐版 两厢,,2020-06-26,信息审核,东风标致207后桥异响严重要求解决,"G158,"
488461,上汽集团,名爵HS,2019款 30T 自动 两驱 Trophy超能版 国VI,,2020-06-26,厂家受理,上汽名爵HS变速箱顿挫 异响存在质量问题,"B33,B19,"
488458,长安汽车,长安欧尚X7,2020款 1.5T 自动 尊贵型,,2020-06-26,信息审核,长安欧尚X7变速箱漏油 中控屏和仪表盘开裂,"B22,E43,G52,H168,H72,"
488457,奇瑞汽车,艾瑞泽5,2019款 Pro 1.5L CVT 青春版 国VI,,2020-06-26,信息审核,奇瑞艾瑞泽5变速箱异响有轻微顿挫感,"B33,B19,"
488456,广汽本田,飞度,2016款 1.5L EXLI CVT 领先型,,2020-06-26,信息审核,广汽本田飞度发动机启动困难伴有异响,"A9,A44,"
488454,一汽-大众,迈腾,2017款 330TSI DSG 豪华型,,2020-06-26,处理反馈,一汽大众迈腾变速箱进入紧急模式,"B84,"
488453,广汽乘用车,传祺GS5 Super,2016款 1.8T 自动 两驱 周年纪念版,,2020-06-26,信息审核,广汽传祺GS5 Super发动机无法启动,"A44,"
488448,一汽海马,福美来,2017款 1.6L 自动 豪华型,,2020-06-26,信息审核,海马福美来后悬挂生锈严重4S店不予索赔,"G180,I297,"
488447,一汽-大众,探岳,2019款 330TSI 两驱 豪华型 国Ⅵ,,2020-06-26,处理反馈,一汽大众探岳前大灯亮度不够4S店不予保修,"H82,I295,I297,"
488444,吉利汽车,星越,2019款 300T 耀星者,,2020-06-26,处理反馈,吉利星越补办保养手册4S店变相收费,"K307,"
488442,广汽本田,雅阁,2018款 260TURBO 豪华版 国V,,2020-06-26,信息审核,广汽本田雅阁电子手刹异响厂家不解决,"E43,I292,"
488438,一汽-大众,宝来,2020款 1.5L 自动 舒适型,,2020-06-26,处理反馈,一汽大众宝来行驶中ABS报警要求厂家处理,"E43,E74,E62,E196,I281,"
488437,东风标致,标致408,2014款 1.6T 自动 尊贵版,,2020-06-26,信息审核,东风标致408轮毂氧化表面有明显斑点,"H79,"
488432,上汽斯柯达,速派,2013款 1.4T DSG 绅仕版,,2020-06-26,信息审核,斯柯达速派发动机烧机油 故障灯亮,"A34,A63,"
488431,一汽-大众奥迪,奥迪A3,2015款 Sportback 1.4T 双离合 百万纪念舒享型,,2020-06-26,信息审核,一汽大众奥迪A3离合器索赔收工时费,"K307,"
488430,上汽大众,桑塔纳,2018款 1.5L 手动 风尚版,,2020-06-26,信息审核,上汽大众桑塔纳经销商赠送保养承诺不兑现,"L313,"
488427,广汽丰田,雷凌,2017款 1.8H GS CVT 精英天窗版 国V 改款 双擎,,2020-06-26,信息审核,广汽丰田雷凌刹车踏板松开时会有异响,"E43,"
488422,众泰汽车,众泰SR7,2016款 1.5T CVT 魔方之门版 国IV,,2020-06-26,处理反馈,众泰SR7主驾座椅损坏希望尽快处理,"H169,"
488421,猎豹汽车,Mattu,2018款 1.6T GDI DCT 尊贵型,,2020-06-26,信息审核,猎豹Mattu变速箱报警 挂倒挡无动力,"B96,B334,"
488419,一汽-大众,高尔夫,2016款 230TSI 自动 豪华型,,2020-06-26,处理反馈,一汽大众高尔夫变速箱报警无法挂入倒挡,"B20,B96,"
488416,众泰汽车,众泰T700,2017款 1.8T 双离合 尊贵型,,2020-06-26,处理反馈,众泰T700变速箱脱挡挂不上挡希望处理,"B20,B246,"
488415,一汽-大众,高尔夫,2016款 1.4TSI 自动 R-Line,,2020-06-26,处理反馈,一汽大众高尔夫变速箱故障灯亮要求处理,"B96,"
488413,东风雪铁龙,雪铁龙C4L,2014款 1.6THP 自动 智驱版 劲智型,,2020-06-26,处理反馈,东风雪铁龙C4L高压油泵与节温器故障,"A191,H78,"
488410,一汽吉林,森雅R7,2018款 R7C 1.6L 手动 智悦型,,2020-06-26,信息审核,一汽吉林森雅R7发动机故障灯报警,"A34,"
488408,比亚迪,比亚迪F3,2015款 1.5L 手动 豪华型 节能版,,2020-06-26,处理反馈,比亚迪F3下边梁生锈严重希望处理,"H79,"
488406,华晨宝马,宝马3系,2015款 320Li 自动 时尚型,,2020-06-26,信息审核,华晨宝马3系经销商维修疑似使用旧件,"I293,J300,J303,J299,N316,"
488403,吉利汽车,博瑞,2016款 2.4L 舒适型,,2020-06-26,处理反馈,吉利博瑞发动机机油异常消耗维修未解决,"A63,"
488402,奇瑞汽车,艾瑞泽5,2017款 1.5L CVT 领潮版,,2020-06-26,处理反馈,奇瑞艾瑞泽5底盘异响严重希望尽快处理,"G56,"
488400,吉利汽车,远景,2017款 1.5L 自动 幸福版,,2020-06-26,处理反馈,吉利远景变速箱顿挫无法加速要求处理,"B19,B334,"
488398,东风雪铁龙,雪铁龙C4L,2013款 1.8L 手动 劲智版,,2020-06-26,处理反馈,东风雪铁龙C4L转向柱晃动影响安全,"D80,"
488397,广汽乘用车,传祺GA6,2016款 235T DCT 豪华版,,2020-06-26,信息审核,广汽传祺GA6电路系统故障 换挡顿挫,"B19,H168,H155,H110,"
488396,一汽-大众,高尔夫,2017款 1.6L 自动 舒适百万辆纪念版,,2020-06-26,处理反馈,一汽大众高尔夫上坡过程中动力消失,"A255,"
488388,一汽-大众奥迪,奥迪Q5,2012款 2.0TFSI  自动 舒适型,,2020-06-26,信息审核,一汽大众奥迪Q5经销商维修失误车辆无法行驶,"I295,J300,J304,"
488387,众泰汽车,众泰Z500,2015款 1.5T 手动 尊贵型,,2020-06-26,处理反馈,众泰Z500质保期内出现的质量问题不予索赔,"I297,"
488386,一汽-大众奥迪,奥迪A4L,2018款 2.0T 时尚型 30周年年型,,2020-06-26,信息审核,一汽大众奥迪A4L变速箱异响轮胎裂纹严重,"B33,B19,F100,I295,I297,J298,"
488385,上汽大众,途观L新能源,2019款 430PHEV 混动旗舰版,,2020-06-26,信息审核,上汽大众途观L新能源机油增多变速箱抖动,"A339,A13,B95,B115,I295,I281,"
488384,上汽大众,途观,2016款 280TSI 自动 两驱 丝绸之路风尚版,,2020-06-26,信息审核,上汽大众途观米其林轮胎开裂4S店不保修,"F100,I297,"
488380,众泰汽车,众泰T300,2017款 1.5T CVT 旗舰型,,2020-06-26,处理反馈,众泰T300后减震器漏油严重4S店不予处理,"G52,G25,I295,N318,O326,"
488379,广汽丰田,凯美瑞,2018款 2.5G 自动 豪华版,,2020-06-26,信息审核,广汽丰田凯美瑞发动机机油增多防冻液缺失,"A339,A37,"
488378,吉利汽车,博瑞,2016款 1.8T 舒适型,,2020-06-26,处理反馈,吉利博瑞变速箱无法加速4S店不予保修,"B96,B334,I297,"
488377,吉利汽车,帝豪,2018款 1.5L 手动 向上互联版,,2020-06-26,处理反馈,吉利帝豪打方向时转向机异响希望厂家解决,"D59,I295,"
488375,奇瑞汽车,奇瑞A3,2012款 1.6L 进取型 三厢,,2020-06-26,处理反馈,奇瑞A3车门下部生锈希望厂家给予处理,"H79,I297,"
488372,东南汽车,翼神,2010款 1.8 手动 时尚版睿智型,,2020-06-26,信息审核,东南三菱翼神下雨时雨刮器无法关闭,"H60,"
488367,一汽-大众,速腾,2009款 1.6 手动 舒适型,,2020-06-26,处理反馈,一汽大众速腾倒车雷达故障希望厂家解决,"H134,"
488364,东风标致,标致308S,2015款 1.6T 自动 睿驰版,,2020-06-26,处理反馈,东风标致308S电磁阀故障厂家不召回,"I297,O296,Q323,"
488363,吉利汽车,博越,2020款 1.8TD DCT 智慧PRO,,2020-06-26,处理反馈,吉利博越挡位灯和前雾灯没有与宣传不符,"M279,"
488358,一汽-大众奥迪,奥迪A4L,2019款 40 TFSI 进取型 国V,,2020-06-26,信息审核,一汽大众奥迪A4L提示驾驶系统故障,"A34,"
488357,东风日产,蓝鸟,2016款 1.6L CVT 智酷版,,2020-06-26,信息审核,东风日产蓝鸟空调压缩机频繁启停,"H101,"
488356,东风标致,标致408,2015款 1.2T 自动 豪华版,,2020-06-26,信息审核,东风标致408空调不制冷售后不予质保,"H101,"
488353,北京现代,领动,2016款 1.6L 自动 智炫・精英型,,2020-06-26,信息审核,北京现代领动传感器外壳融化不予解决,"H168,"
488352,一汽大众,捷达VS5,2019款 280TSI 自动 荣耀型,,2020-06-26,处理反馈,捷达VS5排气管生锈要求免费更换,"H79,"
488350,东风日产,天籁,2019款 2.0L XL 舒适版,,2020-06-26,信息审核,东风日产天籁行驶中变速箱拖挡汽油箱异响,"B69,H79,H147,"
488349,东风日产,天籁,2020款 2.0L XL Upper 智行版,,2020-06-26,信息审核,东风日产天籁前后保险杠和后备箱盖漆面开裂,"H81,H147,"
488346,Jeep（进口）,指南者（进口）,2014款 2.4L 自动 四驱 舒适版 改款,,2020-06-26,信息审核,进口Jeep指南者隔音棉问题导致车内异味,"H185,"
488344,东风标致,标致308,2016款 350THP 自动 尊贵版,,2020-06-26,处理反馈,东风标致308发动机机油压力异常导致报警,"A34,"
488341,上汽大众,途铠,2019款 1.5L 自动 舒适版,,2020-06-26,信息审核,上汽大众途铠刹车异响胎压监测错误报警,"E43,H203,M283,"
488338,江铃汽车,域虎3,2018款 2.5T 两驱 进取版 标准轴距 柴油,,2020-06-26,信息审核,江铃域虎3发动机故障灯亮动力不足,"A34,A163,"
488337,华晨宝马,宝马3系,2020款 325Li M运动曜夜套装,,2020-06-26,信息审核,华晨宝马3系仪表盘黑屏 限滑系统故障,"H202,H170,N318,"
488335,东风本田,杰德,2017款 1.8L 自动 舒适版 5座,,2020-06-26,处理反馈,东风本田杰德多媒体屏幕进灰 门把手多次脱落,"H134,H233,"
488331,上汽大众,凌渡,2015款 330TSI DSG 豪华版,,2020-06-26,信息审核,上汽大众凌渡车内一直存在浓重的异味,"H185,"
488329,奇瑞汽车,艾瑞泽5,2017款 1.5L CVT 豪华版,,2020-06-26,处理反馈,奇瑞艾瑞泽5减震器漏油 升降器上升时停顿,"G25,H67,"
488327,吉利汽车,星越,2019款 300T 耀星者,,2020-06-26,处理反馈,吉利星越车机死机 系统与宣传不一致,"H155,M279,"
488322,上汽大众,朗逸,2017款 1.6L 自动 舒适版,,2020-06-26,信息审核,上汽大众朗逸颠簸路面行驶左前方异响	,"D59,I295,"
488319,领克汽车,领克03,2019款 2.0TD 自动 劲版,,2020-06-26,信息审核,领克03行驶过程中中控台异响车机黑屏,"H134,H93,"
488318,一汽-大众,迈腾,2017款 330TSI DSG 豪华型,,2020-06-26,处理反馈,一汽大众迈腾中控表时针断裂不保修,"H168,"
488313,北汽昌河,福瑞达,2014款 1.2L 鸿运版 标准型K12B-A,,2020-06-26,信息审核,北汽昌河福瑞达配件缺失经销商态度恶劣,"I293,N318,"
488311,凯翼汽车,凯翼C3R,2015款 1.5L AMT 金钻版,,2020-06-26,信息审核,凯翼C3R变速箱频繁跳挡要求免费维修,"B27,"
488308,广汽丰田,汉兰达,2018款 2.0T 四驱 尊贵版 7座 国VI,,2020-06-26,信息审核,广汽丰田汉兰达低速行驶明显顿挫异响,"B33,B19,"
488307,吉利汽车,博越,2020款 1.8TD DCT 智慧PRO,,2020-06-26,处理反馈,吉利博越与宣传不符没有雾灯和挡位灯,"M279,"
488305,长安凯程,长安星卡,2020款 1.5L 标准型 双排 货车 DAM15R1,,2020-06-26,厂家受理,长安星卡水温报警 车身异响空调不制冷,"A191,H101,H15,"
488293,广汽本田,雅阁,2016款 2.0L CVT  舒适版,,2020-06-25,信息审核,广汽本田雅阁右前日间行车灯损坏,"H82,"
488288,众泰汽车,芝麻,2016款 E30 标准型,,2020-06-25,信息审核,众泰芝麻E30动力电池故障厂家不解决问题,"H343,I295,"
488286,吉利新能源,博瑞新能源,2020款 1.5T PHEV 耀享版,,2020-06-25,处理反馈,吉利博瑞新能源承诺补贴未兑现 变速箱过热,"B95,B96,L313,O348,"
488285,吉利汽车,帝豪GS,2016款 1.8L 手动 风尚型 优雅版,,2020-06-25,处理反馈,吉利帝豪GS行驶中离合器失效不起作用,"C267,"
488273,奇瑞汽车,艾瑞泽GX,2018款 1.5T CVT 劲色版 国V,,2020-06-25,处理反馈,奇瑞艾瑞泽GX变速箱低速顿挫要求解决,"B19,"
488262,东风标致,标致408,2016款 1.6T 自动 豪华版,,2020-06-25,处理反馈,东风标致408蓄电池故障导致发动机无法启动,"H146,"
488258,北京现代,领动,2019款 1.4T 双离合 炫动・活力型,,2020-06-25,信息审核,北京现代领动主副驾驶门塑料槽起皮严重,"H168,"
488253,北京现代,现代ix25,2020款 1.5L CVT 智能型,,2020-06-25,信息审核,北京现代ix25仪表盘不亮重启未解决问题,"H202,"
488252,广汽三菱,奕歌,2019款 1.5T CVT 两驱 信念版 国V,,2020-06-25,厂家受理,广汽三菱奕歌发动机与变速箱连接处漏油,"A12,B22,J301,"
488251,北京现代,领动,2016款 1.6L 手动 智炫・活力型,,2020-06-25,信息审核,北京现代领动刹车灯常亮维修未解决问题,"H110,"
488249,吉利汽车,星越,2019款 改款 350T 耀星者,,2020-06-25,处理反馈,吉利星越车机黑屏开空调有异响问题,"A24,B19,H101,H155,M279,"
488247,长安汽车,长安CS75 PLUS,2020款 2.0T 自动 领航型,,2020-06-25,厂家受理,长安CS75 PLUS发动机故障灯亮希望厂家处理,"A34,A37,A191,"
488232,吉利汽车,博越,2020款 1.8TD DCT 智领PRO,,2020-06-25,处理反馈,吉利博越变速箱挡位灯雾灯与宣传不符,"M279,"
488229,吉利汽车,远景,2017款 1.5L 手动 幸福版,,2020-06-25,处理反馈,吉利远景油耗偏高希望厂家处理问题,"A85,"
488221,一汽-大众,速腾,2011款 1.8TSI 自动 冠军版,,2020-06-25,处理反馈,一汽大众速腾车内异味希望厂家处理,"H185,"
488220,众泰汽车,众泰SR9,2017款 2.0T 手动 极致之心版,,2020-06-25,处理反馈,众泰SR9后备箱电动开关失灵 后视镜异响,"G51,H68,H211,"
488218,广汽本田,飞度,2020款 1.5L CVT 舒适天窗版,,2020-06-25,信息审核,广汽本田飞度后门铰链处异响希望厂家处理,"H72,"
488216,猎豹汽车,猎豹CS9,2017款 1.5L CVT 风尚型,,2020-06-25,信息审核,猎豹CS9行驶中发动机高温存在安全隐患,"A191,"
488215,吉利汽车,星越,2019款 350T 耀星者,,2020-06-25,处理反馈,吉利星越车机升级后卡顿死机要求更换硬件,"H155,O348,"
488208,北京奔驰,奔驰GLB,2020款 改款 GLB 200 动感型,,2020-06-25,信息审核,北京奔驰GLB发动机故障灯亮存在质量问题,"A34,"
488207,奇瑞汽车,捷途X90,2019款 1.5T 自动 尊享型 6座 国V,,2020-06-25,处理反馈,奇瑞捷途X90钥匙手环损坏厂家不索赔,"H119,I297,"
488206,比亚迪,比亚迪S7,2017款 2.0T 自动 尊贵型,,2020-06-25,处理反馈,比亚迪S7变速箱换挡异响 降挡异响,"B33,"
488205,上汽大众,朗逸,2018款 280TSI DSG 舒适版 国V,,2020-06-25,信息审核,上汽大众朗逸刹车片异响车门异响,"E43,H72,"
488201,众泰汽车,众泰T600,2016款 1.5T 手动 尊贵型,,2020-06-25,厂家受理,众泰T600车联网无法使用 方向盘按键失灵,"G25,H134,H155,"
488198,长安汽车,悦翔V3,2012款 1.3 舒适型,,2020-06-25,厂家受理,长安悦翔V3车身大面积生锈掉漆严重,"H79,"
488197,华晨宝马,宝马X1,2016款 sDrive18Li 时尚型,,2020-06-25,信息审核,华晨宝马X1销售强制加装记录仪质量差,"N317,"
488196,东风日产,逍客,2016款 2.0L CVT 精英版,,2020-06-25,信息审核,东风日产逍客变速箱故障无法换挡,"B20,"
488193,东风日产,楼兰,2019款 2.5L XL 两驱 智联豪华版 国V,,2020-06-25,信息审核,东风日产楼兰赠送保养承诺不兑现,"L313,"
488192,上汽大众,途观L,2017款 330TSI 两驱 豪华版,,2020-06-25,信息审核,上汽大众途观L转向异响 室内漏水,"D59,H90,"
488190,东风本田,本田CR-V,2017款 240TURBO 自动 两驱 风尚版,,2020-06-25,处理反馈,东风本田CR-V天窗遮帘卡扣断裂顶棚布损坏,"H168,J300,"
488186,东风风行,景逸X5,2017款 1.6L CVT 尊享型,,2020-06-25,处理反馈,东风风行景逸X5变速箱顿挫 车轮异响,"A38,B19,G125,"
488184,北京现代,领动,2016款 1.6L 自动 智炫・精英型,,2020-06-25,信息审核,北京现代领动高速行驶中缦址较蚩ㄖ,"D123,"
488181,奇瑞新能源,奇瑞eQ,2015款 舒适型,,2020-06-25,信息审核,奇瑞新能源eQ刹车突然失灵导致追尾,"E29,"
488180,北京汽车,BEIJING-U7,2019款 1.5T CVT 新智版 国V,,2020-06-25,信息审核,北京BEIJING-U7发动机漏油 变速箱异响顿挫,"A12,B33,B19,"
488177,上汽集团,名爵ZS,2020款 180DVVT 自动 Lite,,2020-06-25,处理反馈,上汽名爵ZS中控触摸屏失灵无法使用,"H134,"
488176,华晨宝马,宝马3系,2020款 325Li M运动套装,,2020-06-25,信息审核,华晨宝马3系新车韩泰轮胎出现鼓包,"F39,"
488175,吉利汽车,帝豪,2014款 1.5L 手动 精英型 三厢,,2020-06-25,用户评分,吉利帝豪车门生锈掉漆4S店推诿不处理,"I281,J303,"
488171,长安马自达,马自达3 昂克赛拉,2017款 1.5L 自动 豪华型 三厢 国V,,2020-06-25,厂家受理,长安马自达昂克赛拉发动机故障灯亮,"A34,"
488169,一汽-大众,高尔夫・嘉旅,2018款 230TSI 自动 进取型,,2020-06-25,处理反馈,一汽大众高尔夫嘉旅车顶阅读灯出现漏水,"H90,"
488167,华晨宝马,宝马X1,2013款 sDrive18i 2.0L 自动 时尚型,,2020-06-25,信息审核,华晨宝马X1出现两次转向助力失效,"D112,"
488163,吉利汽车,帝豪,2014款 1.5L 手动 精英型 三厢,,2020-06-25,处理反馈,吉利帝豪汽油泵吸油管松动导致漏油,"H78,H75,"
488158,东风标致,标致408,2018款 350THP 自动 豪华版,,2020-06-25,处理反馈,东风标致408发动机冷车启动异响严重,"A9,"
488157,吉利汽车,远景,2017款 1.5L 手动 幸福版,,2020-06-25,处理反馈,吉利远景离合器异响要求免费维修,"C65,"
488156,东风标致,标致4008,2017款 350THP 精英版,,2020-06-25,处理反馈,东风标致4008行驶中疑似变速箱异响,"B33,"
488153,上汽大众,朗逸,2017款 1.6L 自动 舒适版,,2020-06-25,信息审核,上汽大众朗逸质保期内行驶中自燃,"H40,"
488150,上汽通用五菱,宝骏530,2019款 1.5T CVT 尊贵型 国V,,2020-06-25,处理反馈,宝骏530中控导航连接手机蓝牙卡顿,"H155,"
488147,一汽奔腾,奔腾T77,2019款 230 TID 自动 尊享型 国VI,,2020-06-25,处理反馈,一汽奔腾T77发动机报警 变速箱顿挫行驶失速,"A34,A255,B19,H164,H93,H155,"
488146,吉利汽车,星越,2019款 改款 350T 耀星者,,2020-06-25,处理反馈,吉利星越车机系统死机与官方宣传不符,"H155,M279,"
488142,吉利汽车,博越,2016款 1.8TD 自动 两驱 智尊型,,2020-06-25,处理反馈,吉利博越经销商态度蛮横不予解决问题,"I293,"
488141,上汽集团,名爵6,2018款 20T 自动 豪华智联版 国VI,,2020-06-25,处理反馈,上汽名爵6变速箱异响解决方案不认可,"B33,I295,"
488136,一汽-大众,宝来,2017款 1.6L 自动 两百万辆纪念版,,2020-06-25,处理反馈,一汽大众宝来刹车异响严重希望处理,"E43,"
488135,东风日产,劲客,2018款 1.5L CVT 智联豪华版,,2020-06-25,信息审核,东风日产劲客发动机故障灯报警 车身漏水,"A34,H93,H109,"
488133,东风日产,劲客,2019款 1.5L 手动 酷动版,,2020-06-25,信息审核,东风日产逍客发动机故障灯报警希望处理,"A34,"
488129,吉利汽车,帝豪,2017款 1.5L CVT 豪华型 三厢 百万款,,2020-06-25,处理反馈,吉利帝豪发动机与变速箱多处漏油,"A12,B22,"
488126,吉利汽车,缤越,2019款 260T DCT 骑士 国V,,2020-06-25,处理反馈,吉利缤越经销商保养粗心大意操作不规范,"J299,J304,"
488125,上汽集团,名爵HS,2019款 20T 手动 两驱 豪华版 国VI,,2020-06-25,信息审核,上汽名爵HS车机互联SAICLink不能正常使用,"H155,"
488120,北京现代,悦动,2011款 1.6L 手动 GL 舒适型,,2020-06-25,信息审核,北京现代悦动仪表台变形开裂鼓起,"H176,"
488118,东风日产,天籁,2020款 2.0T XL Upper AD1 智享领航版,,2020-06-25,信息审核,东风日产天籁发动机噪音大 油箱异响,"A38,H147,"
488110,一汽红旗,红旗HS5,2019款 2.0T 智联旗享四驱版,,2020-06-25,信息审核,一汽红旗HS5车身多处异响希望处理,"H15,"
488105,吉利汽车,缤越,2019款 260T DCT 游侠 国VI,,2020-06-25,处理反馈,吉利缤越车门内饰板开胶 刹车异响,"E43,H168,"
488104,一汽-大众,探岳,2019款 330TSI 两驱 豪华型 国Ⅵ,,2020-06-25,处理反馈,一汽大众探岳变速箱顿挫行驶质感很差,"B19,"
488103,吉利汽车,星越,2019款 350T 暗夜骑士限量版,,2020-06-25,处理反馈,吉利星越车机升级GKUI19系统后仍旧卡顿,"O348,"
488102,一汽-大众,宝来,2017款 1.6L 手动 舒适型,,2020-06-25,处理反馈,一汽大众宝来前挡风玻璃无故开裂,"H113,"
488096,吉利汽车,星越,2019款 350T 耀星者,,2020-06-25,处理反馈,吉利星越车机系统出现黑屏死机要求升级,"H155,M279,"
488093,江铃福特,领界,2019款 EcoBoost 145 CVT 尊领型 PLUS 国V,,2020-06-25,处理反馈,江铃福特领界启停功能无法开启 电瓶电量低,"H146,H263,"
488091,北京现代,领动,2019款 1.4T 双离合 炫动・活力型,,2020-06-25,信息审核,北京现代领动变速箱脱挡异响要求延保,"B33,B246,"
488089,北京现代,悦纳,2016款 1.4L 手动 青春版 GS,,2020-06-25,信息审核,北京现代悦纳起步加速离合器异响希望解决,"C65,"
488088,广汽本田,飞度,2014款 1.5 CVT EXLI领先型,,2020-06-25,信息审核,广汽本田飞度发动机冷启动异响希望解决,"A9,"
488084,领克汽车,领克03,2019款 1.5TD DCT 劲版 国VI,,2020-06-25,信息审核,领克03购车半年置换补贴一直未兑现,"L313,"
488082,广汽乘用车,传祺GM8,2020款 领航款 390T 尊享版,,2020-06-25,信息审核,广汽传祺GM8车辆漏电要求尽快解决,"H110,"
488076,一汽丰田,锐志,2006款 2.5V 锐志 REIZ,,2020-06-25,信息审核,一汽丰田锐志仪表台开裂 汽油泵异响,"H176,H78,"
488075,上汽斯柯达,柯迪亚克,2019款 TSI330 两驱 豪华优享版 5座 国VI,,2020-06-25,信息审核,斯柯达柯迪亚克电瓶亏电 自动启停无法工作,"H146,"
488074,吉利汽车,星越,2019款 350T 耀星者,,2020-06-25,处理反馈,吉利星越车机升级后有大量BUG 要求升级硬件,"M279,O348,"
488072,一汽-大众,迈腾,2020款 330TSI DSG 豪华型,,2020-06-25,处理反馈,一汽大众迈腾行驶过程中发动机抖动飞轮异响,"A9,A24,"
488071,广汽本田,雅阁,2018款 260TURBO 精英版 国VI,,2020-06-25,信息审核,广汽本田雅阁雨天高速行驶过程中发动机失速,"A255,"
488070,吉利汽车,帝豪,2016款 1.5L 手动 豪华版 三厢,,2020-06-25,处理反馈,吉利帝豪副驾驶车门有严重的生锈现象,"H79,"
488066,上汽大众,桑塔纳,2016款 1.6L 手动 舒适版 三厢,,2020-06-25,信息审核,上汽大众桑塔纳发动机多次出现无法启动,"A44,"
488062,广汽三菱,劲炫ASX,2018款 1.6L 手动 两驱 灵动版,,2020-06-25,厂家受理,广汽三菱劲炫两前下摆臂有生锈的现象,"H79,"
488058,一汽-大众奥迪,奥迪Q5,2013款 40 TFSI 自动 进取型,,2020-06-25,信息审核,一汽大众奥迪Q5车内异味严重希望处理	,"H185,"
488057,上汽通用五菱,五菱荣光新卡,2019款 1.5L 双排 国VI L3C,,2020-06-25,用户评分,上汽通用五菱荣光新卡加满油后汽油箱异响,"H147,"
488056,上汽集团,荣威e550,2014款 1.5 豪华版,,2020-06-25,处理反馈,上汽荣威e550高速行驶过程中失去动力,"A255,"
488055,一汽丰田,亚洲龙,2019款 双擎 2.5L XLE 尊贵版 国Ⅵ,,2020-06-25,信息审核,一汽丰田亚洲龙高速行驶时主驾驶侧有异响,"H15,"
488052,北京越野,北京BJ20,2016款 1.5T 手动 豪华型,,2020-06-25,处理反馈,北京BJ20三个车门漆面出现生锈腐蚀现象,"H79,"
488046,众泰汽车,众泰E200,2016款 纯电动 三门两座科技版,,2020-06-25,信息审核,众泰E200行驶过程中突然断电影响安全,"H343,"
488045,一汽-大众,速腾,2020款 200TSI DSG 舒适型 国VI,,2020-06-25,处理反馈,一汽大众速腾坡道辅助系统失灵无法正常使用,"H170,"
488043,吉利汽车,远景,2011款 1.5L 手动  标准型,,2020-06-25,处理反馈,吉利远景挡杆防尘套和扶手箱有开裂的现象,"H168,"
488041,长安马自达,马自达3 昂克赛拉,2020款 2.0L 自动 质炫版,,2020-06-25,厂家受理,长安马自达昂克赛拉低速转向时有异响		,"D59,"
488040,吉利汽车,星越,2019款 350T 耀星者,,2020-06-24,处理反馈,吉利星越车内扬声器工作异常希望处理,"H134,"
488039,梅赛德斯-AMG,奔驰C级AMG,2019款 AMG C 43 4MATIC 轿跑车,,2020-06-24,信息审核,进口奔驰C级AMG活塞环卡死发动机故障灯亮,"A34,"
488032,一汽大众,捷达VS5,2019款 280TSI 自动 进取型,,2020-06-24,处理反馈,捷达VS5低速踩油门时车身有抖动的现象,"H268,"
488026,上汽通用五菱,五菱宏光,2019款 1.5L S 舒适型 国VI LAR,,2020-06-24,用户评分,上汽通用五菱宏光行驶过程中突然熄火,"A14,"
488018,一汽-大众奥迪,奥迪A6L,2019款 40 TFSI 豪华动感型,,2020-06-24,信息审核,一汽大众奥迪A6L发动机无法启动,"A44,"
488016,一汽-大众,迈腾,2011款 1.4TSI 精英型,,2020-06-24,处理反馈,一汽大众迈腾双离合变速箱抖动无法行驶,"B95,"
488008,吉利汽车,星越,2019款 350T 耀星者,,2020-06-24,处理反馈,吉利星越空调风量调节器失灵 自动驻车缺陷,"H101,H170,"
488007,上汽大众,途观L,2019款 330TSI 自动 两驱 风尚版 国VI,,2020-06-24,信息审核,上汽大众途观L低速行驶换挡时变速箱异响,"B33,"
488005,一汽-大众奥迪,奥迪Q5L,2020款 45 TFSI 尊享时尚型,,2020-06-24,信息审核,一汽大众奥迪Q5L变速箱拖挡故障灯亮,"B96,B69,"
487999,东风本田,本田CR-V,2017款 240TURBO 自动 两驱 风尚版,,2020-06-24,信息审核,东风本田CR-V优科豪马轮胎开裂存在安全隐患,"F100,"
487996,宝马（进口）,宝马X5,2018款 xDrive35i 典雅型,,2020-06-24,信息审核,宝马X5右前轮外侧异常磨损影响正常使用,"G245,"
487993,广汽丰田,凯美瑞,2015款 2.5HG CVT 豪华导航版 双擎,,2020-06-24,信息审核,广汽丰田凯美瑞左前摆臂衬套位置渗油,"G51,"
487986,广汽本田,锋范,2017款 1.5L CVT 精英版,,2020-06-24,信息审核,广汽本田锋范车身漆面大面积生锈鼓包,"H79,H81,"
487982,上汽大众,凌渡,2018款 280TSI 双离合 舒适版,,2020-06-24,信息审核,上汽大众凌渡密封条塌陷维修时损坏车辆,"J300,"
487980,吉利汽车,吉利EC8,2011款 2.0L 自动 舒适版,,2020-06-24,处理反馈,吉利EC8仪表盘数据无法显示希望尽快解决,"H202,"
487978,广汽本田,锋范经典,2012款 1.5L 自动 精英版,,2020-06-24,信息审核,广汽本田锋范经典轮眉大面积生锈腐烂,"H79,"
487975,东风标致,标致408,2016款 1.6T 自动 豪华版,,2020-06-24,信息审核,东风标致408发动机故障灯亮冒白烟,"A34,"
487973,东风悦达起亚,智跑,2019款 2.0L 自动 智享豪华版,,2020-06-24,处理反馈,东风悦达起亚智跑前挡风玻璃大面积开裂,"H113,"
487972,SWM斯威汽车,SWM斯威X7,2016款 1.5T 豪华型,,2020-06-24,信息审核,斯威X7升级后坡道辅助功能缺失,"J300,O348,"
487971,东风日产,蓝鸟,2016款 1.6L CVT 高能版,,2020-06-24,信息审核,东风日产蓝鸟车身漆面起泡售后服务态度差,"H81,I293,"
487970,长城汽车,欧拉iQ,2019款 智尊型,,2020-06-24,处理反馈,欧拉iQ充电时间长与购车时严重不符,"H340,"
487969,吉利汽车,金刚,2016款 1.5L 手动 精英型 国V,,2020-06-24,处理反馈,吉利金刚转向机漏油不予免费更换,"D58,"
487967,长安汽车,长安欧尚X7,2020款 1.5T 自动 豪华型,,2020-06-24,信息审核,长安欧尚X7保养规定售后人员未履行,"L314,"
487966,MINI,MINI,2018款 1.5T ONE PLUS 五门版,,2020-06-24,信息审核,MINI维修天窗后气囊外漏存在安全隐患,"J300,"
487963,众泰汽车,众泰Z700,2018款 1.8T DCT 尊享型 Z700H,,2020-06-24,处理反馈,众泰Z700 BCM中央控制器烧毁4S店不予质保,"H49,"
487960,奔驰（进口）,奔驰R级,2017款 R 320 4MATIC 商务型臻藏版,,2020-06-24,信息审核,进口奔驰R级发动机故障灯亮电路板烧毁,"A34,H109,H110,L314,"
487958,众泰汽车,众泰SR7,2016款 1.5T 手动 魔方之路版 国IV,,2020-06-24,处理反馈,众泰SR7减震器漏油严重厂家无配件提供,"G25,N318,"
487957,东风雪铁龙,雪铁龙C4L,2014款 1.8L 自动 智驱版 劲智型,,2020-06-24,处理反馈,东风雪铁龙C4L方向盘上下左右松动,"D337,"
487955,广汽本田,雅阁,2018款 230TURBO 舒适版 国V,,2020-06-24,处理反馈,广汽本田雅阁高速行驶中踩油门没有反应,"A255,"
487954,北汽新能源,北汽新能源EC,2017款 EC200 灵动版,,2020-06-24,处理反馈,北汽新能源EC全车断电 售后无配件维修,"A346,N318,"
487952,广汽乘用车,传祺GS5,2019款 270T 自动 豪华版,,2020-06-24,信息审核,广汽传祺GS5发动机无法启动要求解决,"A44,"
487951,上汽集团,荣威RX5 MAX,2019款 400TGI 自动 智能座舱豪华版,,2020-06-24,处理反馈,上汽荣威RX5 MAX经销商出售库存车,"L313,M283,"
487945,江淮汽车,瑞风S3,2015款 1.5L 手动 豪华智能尊享版,,2020-06-24,处理反馈,江淮瑞风S3维修人员喷漆后车漆脱落,"J303,"
487944,广汽丰田,汉兰达,2015款 2.0T 四驱 豪华版 7座,,2020-06-24,处理反馈,广汽丰田汉兰达高压喷油嘴漏油热车启动困难,"A12,A44,"
487943,吉利汽车,博越,2020款 1.8TD DCT 智慧PRO,,2020-06-24,处理反馈,吉利博越变速箱挡位灯与厂家宣传不符,"M279,"
487941,东风标致,标致408,2015款 1.2T 自动 豪华版,,2020-06-24,处理反馈,东风标致408更换正时皮带后发动机损坏,"J300,"
487938,吉利汽车,帝豪GL,2017款 1.3T 手动 精英型,,2020-06-24,处理反馈,吉利帝豪GL离合器分泵漏油存在质量问题,"C207,"
487935,上汽大众,途观L,2017款 380TSI 四驱 旗舰版,,2020-06-24,信息审核,上汽大众途观L变速箱异响严重希望处理,"B33,"
487933,奇瑞捷豹路虎,发现运动版,2020款 249PS R-Dynamic SE 性能科技版 7座,,2020-06-24,处理反馈,奇瑞捷豹路虎发现运动版发动机无法启动,"A44,D57,"
487932,众泰汽车,众泰T700,2017款 1.8T 双离合 尊贵型,,2020-06-24,处理反馈,众泰T700离合器打滑 发动机报警 换挡顿挫,"A34,B19,C16,"
487930,吉利汽车,缤越,2019款 260T DCT 骑士 国VI,,2020-06-24,处理反馈,吉利缤越减震器过软 车辆风噪大,"G162,H164,"
487929,吉利汽车,博越,2016款 1.8TD 自动 两驱 智联型,,2020-06-24,处理反馈,吉利博越变速箱异响顿挫希望处理,"B33,B19,"
487926,广汽本田,缤智,2015款 1.5L CVT 两驱舒适型,,2020-06-24,用户评分,广汽本田缤智停车怠速时车辆窜动明显,"B95,"
487924,比亚迪,比亚迪G5,2014款 1.5TI 手动 豪华型,,2020-06-24,用户评分,比亚迪G5车内塑料味严重一直无法解决,"H185,"
487922,东风标致,标致408,2015款 1.2T 自动 豪华版,,2020-06-24,信息审核,东风标致408正时皮带掉毛 发动机烧机油,"A63,A336,"
487921,广汽丰田,雷凌,2019款 185T CVT 豪华版 国VI,,2020-06-24,处理反馈,广汽丰田雷凌冷车时发动机舱转向异响,"A9,D59,"
487920,长安汽车,长安CS75 PLUS,2020款 2.0T 自动 旗舰型,,2020-06-24,处理反馈,长安CS75 PLUS蓄电池电量低影响使用,"H146,"
487919,奇瑞新能源,奇瑞eQ1,2019款 小蚂蚁 智享版 4座 30.6kWh,,2020-06-24,信息审核,奇瑞eQ1销售价格不透明商家克扣厂家补助,"K308,"
487918,长安汽车,长安CS15,2016款 1.5L 手动 时尚版,,2020-06-24,用户评分,长安CS15缺少随车工具希望尽快处理,"O354,"
487917,吉利汽车,星越,2020款 350T 驭星者,,2020-06-24,处理反馈,吉利星越车机卡顿黑屏 雨刷器异响,"H155,H60,M279,"
487916,东风标致,标致408,2014款 1.8L 自动 豪华版,,2020-06-24,处理反馈,东风标致408空调压缩机损坏无法制冷,"H101,"
487911,上汽通用五菱,五菱宏光,2018款 1.2L S 基本型 经典款,,2020-06-24,处理反馈,上汽通用五菱宏光4S店售后态度极差,"I293,"
487909,东南汽车,东南DX3,2017款 1.5T 手动 尊贵型,,2020-06-24,信息审核,东南DX3正常行驶中发生自燃存在质量问题	,"H40,"
487905,长安马自达,马自达3 昂克赛拉,2020款 1.5L 自动 质美版,,2020-06-24,厂家受理,长安马自达昂克赛拉变速箱顿挫 发动机抖动	,"A24,B19,E43,"
487904,跃进,C500,轻卡,,2020-06-24,信息审核,跃进C500发动机不烧尿素变速箱故障,"A34,A44,B33,I295,"
487903,上汽集团,锐腾,2015款 1.5TGI TST 豪华版,,2020-06-24,处理反馈,上汽名爵锐腾维修人员操作失误致电瓶报废,"I295,J299,"
487901,上汽斯柯达,速派,2016款 TSI280 DSG 创行版,,2020-06-24,信息审核,斯柯达速派主驾驶侧车窗无法正常下降,"H67,"
487899,吉利汽车,博越,2020款 1.8TD DCT 智领PRO,,2020-06-24,处理反馈,吉利博越简配挡位及雾灯 希望厂家尽快解决,"M279,"
487897,吉利汽车,星越,2019款 300T 耀星者,,2020-06-24,处理反馈,吉利星越车机系统升级后仍然卡顿,"O348,"
487896,奔驰（进口）,奔驰B级,2009款 2.0L CVT 200 时尚型,,2020-06-24,信息审核,进口奔驰B级变速箱阀体故障出现顿挫	,"B19,B115,"
487895,一汽丰田,锐志,2009款 2.5S 舒适版 新锐志 REIZ,,2020-06-24,信息审核,一汽丰田锐志中控仪表台开裂希望尽快处理,"H176,"
487893,奔驰（进口）,奔驰S级,2020款 S 350 L 尊享型 臻藏版,,2020-06-24,信息审核,进口奔驰S级漏防冻液 油表不显示,"A37,H202,"
487892,华晨宝马,宝马X1,2016款 xDrive20Li 豪华型,,2020-06-24,处理反馈,华晨宝马X1启动车辆后防侧滑故障灯亮,"H170,"
487890,一汽丰田,RAV4荣放,2020款 2.0L CVT 两驱 尊贵版,,2020-06-24,信息审核,一汽丰田RAV4荣放机油增多汽油味浓重,"A339,"
487888,吉利汽车,博越,2020款 1.8TD DCT 智尊PRO,,2020-06-24,处理反馈,吉利博越挡位指示灯和雾灯与宣传不符,"M279,"
487887,华晨中华,中华H230EV,2017款 豪华型,,2020-06-24,信息审核,中华H230EV动力电池故障希望解决,"H343,"
487886,华晨宝马,宝马X3,2019款 xDrive28i 豪华套装,,2020-06-24,用户评分,华晨宝马X3天窗周围顶棚漏水质量差,"H90,"
487882,奇瑞汽车,瑞虎8,2018款 1.5TCI 手动 豪华型 7座,,2020-06-24,处理反馈,奇瑞瑞虎8过减速带后悬挂异响严重,"G56,"
487878,领克汽车,领克03,2019款 1.5TD DCT 劲Pro版 国VI,,2020-06-24,用户评分,领克03主副驾驶座椅磨损严重希望厂家处理,"H169,"
487877,长安汽车,悦翔V5,2012款 1.5L 手动 梦幻型 国IV,,2020-06-24,处理反馈,长安悦翔V5电路故障行驶中断电轮毂变形,"H243,H110,"
487875,上汽大众,途观L,2019款 330TSI 自动 两驱 全景舒适版 国V,,2020-06-24,信息审核,上汽大众途观L天窗漏水4S店订件时间长,"H90,I295,L314,L310,N320,"
487873,一汽奔腾,奔腾T99,2019款 20TD 自动 旗舰型,,2020-06-24,处理反馈,一汽奔腾T99电瓶亏电导致车辆无法启动,"H146,"
487871,上汽大众,途铠,2020款 1.5L 自动 舒适版,,2020-06-24,信息审核,上汽大众途铠车身有严重漏水的现象,"H109,"
487870,一汽-大众,探岳,2020款 330TSI 两驱 豪华智联版,,2020-06-24,处理反馈,一汽大众探岳变速箱挡杆卡死车辆无法行驶,"B184,"
487869,一汽丰田,皇冠,2015款 2.5L 智享版,,2020-06-24,信息审核,一汽丰田皇冠安全气囊游丝故障导致故障报警,"H103,"
487867,北京现代,胜达,2015款 2.4L 自动 两驱 智能型 5座,,2020-06-24,信息审核,北京现代胜达保修期内发动机异响厂家拒赔,"A9,I297,Q349,"
487866,广汽本田,雅阁,2016款 2.0L CVT  舒适版,,2020-06-24,处理反馈,广汽本田雅阁车身抖动邓禄普轮胎开裂,"F100,"
487865,北京现代,领动,2018款 1.4T 双离合 炫动・活力型,,2020-06-24,信息审核,北京现代领动变速箱异响顿挫4S店不给处理,"B33,B19,I295,I297,"
487863,上汽大众,Polo,2013款 POLO 1.6 自动 舒适版,,2020-06-24,信息审核,上汽大众Polo车辆出险经销商私自定损维修,"I295,M315,O305,O353,"
487862,吉利汽车,星越,2019款 300T 耀星者,,2020-06-24,处理反馈,吉利星越车机系统升级后仍然无法正常使用,"O348,"
487861,北京奔驰,奔驰C级,2015款 180 L 运动型,,2020-06-24,信息审核,北京奔驰C级正常行驶过程中发动机爆缸,"A136,"
487860,吉利汽车,星越,2019款 350T AWD 驭星者,,2020-06-24,用户评分,吉利星越车机死机软件版本老旧与宣传不符,"H155,M279,"
487858,吉利汽车,博越,2020款 1.8TD DCT 智尊PRO,,2020-06-24,处理反馈,吉利博越变速箱没有挡位灯没有前雾灯,"M279,"
487857,华晨宝马,宝马X1,2018款 sDrive20Li 领先型,,2020-06-24,用户评分,华晨宝马X1发动机支架断裂 球笼套损坏,"A241,G161,"
487856,众泰汽车,众泰SR9,2017款 2.0T 自动 极致之路版,,2020-06-24,处理反馈,众泰SR9行驶中挡位及刹车失灵 轮胎摆动,"B115,E29,G204,"
487852,奇瑞汽车,捷途X70,2020款 1.5T 手动 悦行版 6座,,2020-06-24,处理反馈,捷途X70行车记录仪模糊 车道偏离预警失灵,"H134,H170,"
487850,长安马自达,马自达3 昂克赛拉,2017款 1.5L 自动 豪华型 三厢 国V,,2020-06-24,处理反馈,长安马自达昂克赛拉中控显示屏开胶,"H168,"
487848,东风悦达起亚,起亚K3,2016款 1.6L 自动 GLS,,2020-06-24,处理反馈,东风悦达起亚K3打方向时存在严重异响,"D59,"
487847,吉利汽车,帝豪GL,2017款 1.3T 自动 精英型,,2020-06-24,用户评分,吉利帝豪GL倒挡挂不上维修后未解决,"B20,"
487845,东风雪铁龙,雪铁龙C2,2007款 1.6 自动 VTS SX,,2020-06-24,处理反馈,东风雪铁龙C2变速箱故障灯亮挡位锁定,"B20,B96,"
487844,上汽通用五菱,宝骏530,2018款 1.5T DCT 旗舰型 国V,,2020-06-24,处理反馈,宝骏530变速箱召回方案时间太长不合理,"Q323,"
487843,奇瑞汽车,瑞虎7,2018款 1.5T 自动 劲享版 FLY款 国VI,,2020-06-24,处理反馈,奇瑞瑞虎7驾驶室车门异响 车门焊接多处开裂,"G125,H72,H168,"
487841,大众（进口）,Tiguan,2018款 330TSI 四驱 创睿型,,2020-06-24,信息审核,进口大众Tiguan辅助传感器无数据故障,"H234,"
487840,吉利汽车,星越,2019款 350T 耀星者,,2020-06-24,用户评分,吉利星越车机系统死机且无法进行升级,"H155,M279,"
487838,江淮汽车,瑞风M3,2016款 1.6L 豪华型 宜家版,,2020-06-24,处理反馈,江淮瑞风M3空调控制面板失灵影响使用,"H134,"
487836,广汽本田,飞度,2014款 1.5L CVT LX舒适型,,2020-06-24,处理反馈,广汽本田飞度发动机冷车VTEC控制器异响,"A9,"
487835,一汽-大众,探岳,2019款 330TSI 两驱 豪华型Plus 国VI,,2020-06-24,用户评分,一汽大众探岳车灯透视发白影响视线,"H82,"
487834,奇瑞汽车,瑞虎8,2019款 1.6TGDI 自动 精英型,,2020-06-24,处理反馈,奇瑞瑞虎8引擎盖生锈4S店出售库存车,"H79,M283,"
487832,吉利汽车,星越,2019款 改款 350T 耀星者,,2020-06-24,处理反馈,吉利星越车机软件升级后越来越卡顿,"H155,O348,"
487829,东风标致,标致408,2015款 1.2T 自动 豪华版,,2020-06-24,处理反馈,东风标致408涡轮增压器故障导致噪音大,"A38,A63,A189,"
487828,奇瑞汽车,瑞虎5x,2019款 HERO 1.5L 手动 都市版,,2020-06-24,处理反馈,奇瑞瑞虎5x油位感应异常 车身生锈,"H79,H78,"
487823,北京现代,索纳塔八,2011款 2.0 GLS领先版,,2020-06-24,信息审核,北京现代索纳塔八中控台塑料件开裂	,"H176,"
487819,北京奔驰,奔驰C级,2019款 C 180 L 时尚型运动版,,2020-06-24,信息审核,北京奔驰C级发动机故障灯亮电子水泵损坏,"A34,A191,"
487817,北京奔驰,奔驰GLA,2016款 200 时尚型,,2020-06-24,信息审核,北京奔驰GLA变速箱阀体损坏厂家不解决,"B84,I295,I297,K308,"
487813,北京奔驰,奔驰GLB,2020款 GLB 200 时尚型,,2020-06-24,信息审核,北京奔驰GLB发动机漏油希望厂家尽快处理,"A12,"
487812,广汽丰田,凯美瑞,2010款 240G 2.4 自动 G-Book 智能领航版,,2020-06-24,用户评分,广汽丰田凯美瑞中控台异味出油反光,"H176,"
487809,东风悦达起亚,智跑,2019款 2.0L 自动 智享豪华版,,2020-06-24,处理反馈,东风悦达起亚智跑启动后发动机有异响,"A9,"
487808,吉利汽车,博越,2020款 1.8TD DCT 智尊PRO,,2020-06-24,用户评分,吉利博越变速箱无挡位灯与宣传不符,"M279,"
487801,东风日产,天籁,2011款 2.5 XV CVT 尊雅版 公爵,,2020-06-24,处理反馈,东风日产天籁仪表台开裂存在质量问题,"H176,"
487800,上汽集团,名爵ZS,2017款 1.5L 自动 尊享互联网版,,2020-06-24,处理反馈,上汽名爵ZS发动机故障灯亮要求尽快解决,"A34,"
487799,北京奔驰,奔驰GLB,2020款 GLB 200 时尚型,,2020-06-24,信息审核,北京奔驰GLB后排右侧饰板行驶中有异响,"H164,J298,"
487798,北京现代,现代ix35,2019款 2.0L 自动 两驱 智勇・畅享版 国V,,2020-06-24,信息审核,北京现代ix35变速箱故障4S店维修后未解决 ,"B19,B334,J298,"
487795,上汽大众,途昂,2020款 380TSI 四驱 豪华版 国VI,,2020-06-24,信息审核,上汽大众途昂4S店售后不解决问题 态度差,"I295,I293,"
487791,广汽丰田,凯美瑞,2019款 2.0G 豪华版 国VI,,2020-06-24,处理反馈,广汽丰田凯美瑞发动机启停系统故障,"H119,H263,"
487789,众泰汽车,云100,2018款 云100 PLUS 智享型,,2020-06-24,信息审核,众泰云100行驶中熄火无法启动4S店无配件,"A341,N318,O326,"
487786,长城汽车,哈弗H2s,2017款 1.5T 自动 舒适型 蓝标,,2020-06-24,处理反馈,哈弗H2s空调无法控制行驶时车辆跑偏,"A34,B334,G117,H101,H211,"
487784,东风雪铁龙,雪铁龙C4L,2014款 1.8L 手动 智驱版 劲享型,,2020-06-24,处理反馈,东风雪铁龙C4L转向间隙大导致异响,"D59,D337,"
487783,广汽丰田,雷凌,2019款 185T CVT 豪华版 国VI,,2020-06-24,处理反馈,广汽丰田雷凌转向异响多次维修厂家不回复,"B33,B19,D59,"
487782,吉利汽车,星越,2019款 350T 驭星者,,2020-06-24,处理反馈,吉利星越换挡拨片功能缺失 车机无法使用,"H155,M279,"
487780,奇瑞汽车,捷途X95,2020款 1.6T DCT 探索Pro版 7座,,2020-06-24,处理反馈,捷途X95天窗导水槽及转向灯存在缺陷,"Q322,"
487779,吉利汽车,嘉际,2019款 1.5TD MHEV DCT 耀享型,,2020-06-24,处理反馈,吉利嘉际转向机渗油 备胎出现磨损,"D58,H68,"
487778,长城汽车,哈弗M6,2018款 1.5T 手动 两驱 精英型,,2020-06-24,用户评分,哈弗M6行驶过程中车辆跑偏 地胶鼓包,"G117,H168,"
487777,东风标致,标致408,2016款 1.6T 自动 豪华版,,2020-06-24,处理反馈,东风标致408喷油嘴故障导致发动机抖动,"A53,"
487774,众泰汽车,众泰T300,2019款 1.5L 手动 小强版,,2020-06-24,处理反馈,众泰T300发动机异响厂家承诺保养不兑现,"A9,E43,I293,L314,"
487773,广汽本田,雅阁,2018款 260TURBO 精英版 国VI,,2020-06-24,处理反馈,广汽本田雅阁雨天高速行驶过程中失速,"A255,"
487770,福田汽车,奥铃,2007款 BJ1049V8JEA-B,,2020-06-24,信息审核,福田奥铃捷运服务站服务态度差不解决问题,"I295,K307,"
487768,奇瑞汽车,捷途X70S,2019款 X70S 1.5T 手动 征途版 国V,,2020-06-24,用户评分,捷途X70S配件质量差导致故障问题多,"N317,"
487767,广汽乘用车,传祺GS5,2019款 270T 自动 精英版,,2020-06-24,处理反馈,广汽传祺GS5换挡顿挫 前轮刹车异响,"B19,E43,"
487766,一汽-大众奥迪,奥迪Q3,2016款 35 TFSI 风尚型,,2020-06-24,信息审核,一汽大众奥迪Q3出现请勿超过发动机最高转速,"A34,"
487762,吉利汽车,星越,2019款 350T 驭星者,,2020-06-24,用户评分,吉利星越4S店销售库存车 服务承诺不兑现,"H15,L314,M283,"
487761,上汽大众,朗逸,2013款 1.4TSI DSG舒适版,,2020-06-24,厂家受理,上汽大众朗逸变速箱机电单元损坏4S店不保修,"B96,B115,I297,"
487760,一汽-大众,迈腾,2020款 330TSI DSG 领先型,,2020-06-24,处理反馈,一汽大众迈腾行驶过程中后门天窗有异响,"D59,H72,H89,"
487759,奇瑞汽车,艾瑞泽5,2016款 1.5L 手动 领潮版,,2020-06-24,处理反馈,奇瑞艾瑞泽5发动机渗油售后不予质保,"A12,"
487758,吉利汽车,博越,2020款 1.8TD DCT 智尊PRO,,2020-06-24,用户评分,吉利博越变速箱顿挫 拖挡导致共振严重,"B19,B69,"
487757,新特汽车,SITECH DEV 1,2018款 创睿版,,2020-06-24,信息审核,新特SITECH DEV 1配件质量差频繁故障,"H134,H101,"
487752,吉利汽车,嘉际,2019款 1.5TD MHEV DCT 臻享型,,2020-06-24,处理反馈,吉利嘉际购车旅游基金不兑现厂家拖延不处理,"I295,L313,"
487747,吉利汽车,博越,2020款 1.8TD DCT 智慧PRO,,2020-06-24,用户评分,吉利博越没有挡位灯和前雾灯与宣传不符,"M279,"
487746,北京现代,领动,2016款 1.6L 自动 智炫・精英型,,2020-06-24,处理反馈,北京现代领动行驶跑偏 发动机抖动,"A24,G117,"
487744,上汽集团,名爵6,2019款 20T 自动 运动版,,2020-06-24,处理反馈,上汽名爵6变速箱异响存在质量问题,"B33,"
487741,吉利汽车,帝豪,2017款 1.5L CVT 向上版 三厢 百万款,,2020-06-24,处理反馈,吉利帝豪刹车疲软 存在安全隐患,"E269,"
487740,上汽集团,名爵6,2018款 20T 自动 豪华智联版 国VI,,2020-06-24,用户评分,上汽名爵6踩刹车异响4S店多次维修不保修,"E43,I295,I297,J298,"
487739,上汽集团,名爵ZS,2019款 1.5L 手动 65寸巨幕天窗全球版 国VI,,2020-06-24,处理反馈,上汽名爵ZS发动机高温熄火厂家不回复,"A191,I295,I294,"
487736,吉利汽车,帝豪,2019款 领军版 1.5L 手动 豪华型 国VI,,2020-06-24,处理反馈,吉利帝豪发动机脚垫前摆臂横梁有维修痕迹,"M283,"
487734,广汽丰田,汉兰达,2018款 2.0T 四驱 豪华版 7座 国VI,,2020-06-24,处理反馈,广汽丰田汉兰达扶手箱滑轨断裂4S店不保修,"H168,I297,N317,"
487727,东风标致,标致4008,2017款 350THP 精英版,,2020-06-24,信息审核,东风标致4008服务站未将保养记录上传,"J299,"
487724,吉利汽车,帝豪,2014款 1.5L 手动 时尚型 三厢,,2020-06-24,用户评分,吉利帝豪变速箱打齿无法正常挂挡,"B20,B77,"
487720,一汽-大众,探岳,2019款 征途版 280TSI 两驱 豪华型 国Ⅵ,,2020-06-24,用户评分,一汽大众探岳喇叭声音发闷影响使用,"H151,"
487718,一汽丰田,RAV4荣放,2016款 2.0L CVT 两驱 风尚版 国V,,2020-06-24,信息审核,一汽丰田RAV4荣放尾灯自然开裂质量差,"H220,I295,"
487717,奇瑞汽车,艾瑞泽7,2016款 1.6L CVT 致尚版,,2020-06-24,处理反馈,奇瑞艾瑞泽7车门生锈存在质量问题,"H79,"
487712,吉利汽车,博越,2020款 1.8TD DCT 智尊PRO,,2020-06-24,用户评分,吉利博越实车无挡位显示灯与宣传不符,"M279,"
487711,沃尔沃（进口）,沃尔沃V40,2019款 T4 智雅版,,2020-06-24,信息审核,进口沃尔沃V40经销商手续办理缓慢,"I282,O353,"
487710,一汽-大众奥迪,奥迪A3,2020款 Limousine 35 TFSI 运动型 国VI,,2020-06-24,信息审核,一汽大众奥迪A3新车无法缴纳购置税,"M284,"
487709,广汽本田,飞度,2014款 1.5L CVT SE时尚型,,2020-06-24,处理反馈,广汽本田飞度发动机无法启动要求解决,"A44,"
487706,广汽本田,飞度,2020款 1.5L CVT 舒适天窗版,,2020-06-23,处理反馈,广汽本田飞度邓禄普轮胎爆胎存在质量问题,"F130,N316,"
487702,长安马自达,马自达3 昂克赛拉,2016款 1.5L 自动 豪华型 三厢,,2020-06-23,处理反馈,长安马自达昂克赛拉中控屏开裂影响正常使用,"H134,"
487696,广汽丰田,凯美瑞,2019款 2.0G 豪华版 国VI,,2020-06-23,处理反馈,广汽丰田凯美瑞发动机舱内进入泥沙,"Q322,"
487694,广汽丰田,雷凌,2017款 185T CVT 精英版 国V 改款,,2020-06-23,处理反馈,广汽丰田雷凌仪表台开裂 车内有异响,"H176,H164,"
487692,北京现代,瑞纳,2017款 1.4L 手动 焕彩版 国V,,2020-06-23,处理反馈,北京现代瑞纳发动机异响一直没有处理好,"A9,"
487691,广汽本田,飞度,2014款 1.5L CVT LX舒适型,,2020-06-23,处理反馈,广汽本田飞度冷车启动发动机有异响,"A9,"
487688,一汽丰田,亚洲龙,2019款 双擎 2.5L XLE 尊贵版 国Ⅵ,,2020-06-23,信息审核,一汽丰田亚洲龙行驶中天窗和车身有异响,"H15,H89,"
487686,江铃汽车,驭胜S350,2016款 2.4T 自动 四驱 柴油 豪华版 5座,,2020-06-23,信息审核,江铃驭胜S350质保期内车身多处有生锈的现象,"H79,"
487685,东风标致,标致408,2019款 350THP 自动 豪华版 国V,,2020-06-23,处理反馈,东风标致408驾驶位与副驾驶位上方有异响,"H164,"
487681,东南汽车,V5菱致,2014款 1.5T CVT 智控型,,2020-06-23,处理反馈,东南V5菱致行驶过程中变速箱故障失去动力,"B96,B334,"
487680,吉利汽车,星越,2019款 350T AWD 驭星者,,2020-06-23,用户评分,吉利星越升级GKUI19系统后依然卡顿,"O348,"
487679,吉利汽车,星越,2019款 350T 耀星者,,2020-06-23,处理反馈,吉利星越雨刮器在工作时卡顿而且异响,"H60,"
487677,上汽斯柯达,速派,2013款 1.4T DSG 绅仕版,,2020-06-23,信息审核,斯柯达速派座椅开裂 材质与宣传不符,"H168,H169,"
487675,上汽斯柯达,速派,2016款 TSI330 DSG 创行版,,2020-06-23,信息审核,斯柯达速派变速箱故障灯亮机电单元损坏,"B96,B77,B115,"
487672,长安马自达,马自达3 昂克赛拉,2016款 1.5L 手动 豪华型 三厢,,2020-06-23,处理反馈,长安马自达昂克赛拉中控屏幕爆裂影响使用,"H134,H168,"
487671,东风雪铁龙,爱丽舍,2014款 1.6L 手动 时尚型CNG,,2020-06-23,处理反馈,东风雪铁龙爱丽舍启动后变速箱无法挂挡,"B20,"
487670,一汽-大众奥迪,奥迪A6L,2020款 45 TFSI quattro 臻选致雅型,,2020-06-23,信息审核,一汽大众奥迪A6L承诺多色氛围灯实际未配备,"M279,"
487669,福田汽车,奥铃,2007款 BJ1049V8JEA-B,,2020-06-23,信息审核,福田奥铃捷运启动后挂一挡发动机无动力,"A163,"
487668,东风日产,天籁,2019款 2.0T XL 智领版,,2020-06-23,用户评分,东风日产天籁行驶时中控台存在金属摩擦声,"H93,"
487667,东风本田,本田CR-V,2019款 耀目版 240TURBO CVT 两驱 舒适版 国VI,,2020-06-23,用户评分,东风本田CR-V天窗遮阳帘无法开启 换挡异响,"B33,H192,"
487666,众泰汽车,众泰T500,2018款 1.5T 手动 尊享型 5座,,2020-06-23,处理反馈,众泰T500中控显示屏闪烁无法使用,"H134,"
487662,长城汽车,哈弗H6 Coupe,2018款 1.5T 自动 两驱 超豪型 蓝标,,2020-06-23,处理反馈,哈弗H6 Coupe电瓶亏电充电后未解决,"H146,"
487660,众泰汽车,众泰T700,2017款 1.8T 双离合 尊贵型,,2020-06-23,处理反馈,众泰T700方向盘转不动希望尽快解决,"D156,D291,"
487651,一汽-大众奥迪,奥迪A4L,2019款 40 TFSI 时尚型 国VI,,2020-06-23,信息审核,一汽大众奥迪A4L变速箱机电单元故障,"B115,"
487647,北京现代,菲斯塔,2019款 280TGDi 运动版 国VI,,2020-06-23,处理反馈,北京现代菲斯塔4S店不兑现贴膜承诺,"L313,"
487645,吉利汽车,缤越,2019款 260T DCT 骑士 国VI,,2020-06-23,处理反馈,吉利缤越车机系统黑屏死机升级承诺不兑现,"H155,L314,"
487639,吉利汽车,缤越,2019款 260T DCT 游侠 运动款 国V,,2020-06-23,处理反馈,吉利缤越车门漏风 系统升级承诺不兑现,"H144,L314,"
487638,北汽银翔,幻速S6,2017款 1.5T 手动 智能型,,2020-06-23,信息审核,北汽幻速S6发动机噪音大后视镜漆面变色,"A38,H201,"
487635,吉利汽车,吉利icon,2020款 300T i9 BSG,,2020-06-23,用户评分,吉利icon厂家置换补贴政策不兑现,"L313,"
487634,奇瑞汽车,捷途X70S,2019款 X70S 1.5T 手动 征途版 国V,,2020-06-23,用户评分,捷途X70S发动机冷却风扇固定螺丝脱落,"A191,A145,H101,"
487625,一汽丰田,卡罗拉,2019款 1.2T S-CVT GL-i精英版,,2020-06-23,信息审核,一汽丰田卡罗拉悬架螺丝生锈存在质量问题,"H79,"
487619,吉利汽车,缤越,2019款 260T DCT 游侠 国VI,,2020-06-23,处理反馈,吉利缤越发动机漏油希望厂家处理问题,"A12,"
487615,吉利汽车,嘉际,2019款 1.5TD MHEV DCT 臻享型,,2020-06-23,用户评分,吉利嘉际漆面起泡希望厂家处理问题,"H81,"
487613,长安马自达,马自达CX-5,2015款 2.5L 自动 四驱 旗舰型,,2020-06-23,处理反馈,长安马自达CX-5中控屏闪屏希望厂家处理,"H134,"
487612,吉利汽车,星越,2019款 改款 350T 耀星者,,2020-06-23,用户评分,吉利星越贴膜工艺差导致门窗有起泡,"J303,J299,"
487611,东风悦达起亚,起亚K4,2017款 1.6T 自动 T-DLX Turbo,,2020-06-23,处理反馈,东风悦达起亚K4变速箱抖动换挡顿挫,"B19,B95,"
487609,东风日产,劲客,2017款 1.5L CVT 智行版,,2020-06-23,处理反馈,东风日产劲客中控卡屏播放音乐断开,"H134,"
487605,一汽-大众奥迪,奥迪A6L,2016款 TFSI 双离合 运动型,,2020-06-23,信息审核,一汽大众奥迪A6L节温器底座漏液,"A37,"
487603,东风标致,标致408,2016款 1.6T 自动 豪华版,,2020-06-23,处理反馈,东风标致408减震器异响希望得到处理,"G52,"
487602,广汽三菱,欧蓝德,2019款 2.0L 两驱 畅享版 5座 国VI,,2020-06-23,厂家受理,广汽三菱欧蓝德左后方安全带无法抽出,"H118,"
487600,吉利汽车,博越,2018款 1.8TD 自动 两驱 智联型 4G互联版,,2020-06-23,处理反馈,吉利博越漆面脱落严重影响车辆美观,"H81,"
487596,北京现代,领动,2020款 1.5L CVT 智炫・精英型,,2020-06-23,处理反馈,北京现代领动新车顶棚存在明显污渍,"L313,M284,"
